,timeend,seriesId,siteCode,valor
0,2025-09-18,8,8,0.66
1,2025-09-19,8,8,0.46
2,2025-09-19,9,9,8.4
3,2025-09-18,9,9,8.6
4,2025-09-18,10,10,9.2
5,2025-09-19,10,10,9.0
6,2025-09-19,11,11,6.7
7,2025-09-18,11,11,6.3
8,2025-09-18,12,12,6.62
9,2025-09-19,12,12,6.7
10,2025-09-19,13,13,7.38
11,2025-09-18,13,13,7.35
12,2025-09-18,14,14,10.0
13,2025-09-19,14,14,10.0
14,2025-09-19,15,15,1.1
15,2025-09-18,15,15,0.8
16,2025-09-18,16,16,1.14
17,2025-09-19,16,16,1.1
18,2025-09-19,17,17,2.05
19,2025-09-18,17,17,1.91
20,2025-09-18,18,18,1.68
21,2025-09-19,18,18,1.87
22,2025-09-19,19,19,1.76
23,2025-09-18,19,19,1.59
24,2025-09-18,20,20,1.58
25,2025-09-19,20,20,1.71
26,2025-09-19,21,21,1.6
27,2025-09-18,21,21,1.4
28,2025-09-18,22,22,1.66
29,2025-09-19,22,22,1.7
30,2025-09-19,23,23,1.87
31,2025-09-18,23,23,1.93
32,2025-09-18,24,24,1.73
33,2025-09-19,24,24,1.6
34,2025-09-19,25,25,1.63
35,2025-09-18,25,25,1.74
36,2025-09-18,26,26,2.19
37,2025-09-19,26,26,2.08
38,2025-09-19,27,27,2.34
39,2025-09-18,27,27,2.34
40,2025-09-18,28,28,1.85
41,2025-09-19,28,28,1.78
42,2025-09-19,29,29,1.37
43,2025-09-18,29,29,1.39
44,2025-09-18,30,30,1.59
45,2025-09-19,30,30,1.62
46,2025-09-19,31,31,1.69
47,2025-09-18,31,31,1.67
48,2025-09-18,32,32,2.38
49,2025-09-19,32,32,2.38
50,2025-09-19,33,33,1.42
51,2025-09-18,33,33,1.38
52,2025-09-18,34,34,1.33
53,2025-09-19,34,34,1.33
54,2025-09-19,35,35,1.07
55,2025-09-18,35,35,0.96
56,2025-09-19,36,36,0.97
57,2025-09-18,36,36,0.86
58,2025-09-18,37,37,0.8
59,2025-09-19,37,37,0.85
60,2025-09-19,38,38,0.77
61,2025-09-18,38,38,0.74
62,2025-09-18,39,39,0.7
63,2025-09-19,39,39,0.72
64,2025-09-19,40,40,0.43
65,2025-09-19,41,41,0.05
66,2025-09-18,41,41,0.15
67,2025-09-18,42,42,0.3
68,2025-09-19,42,42,0.4
69,2025-09-18,43,43,1.2
70,2025-09-19,43,43,1.26
71,2025-09-19,44,44,1.6
72,2025-09-18,44,44,1.62
73,2025-09-19,45,45,0.05
74,2025-09-18,45,45,0.35
75,2025-09-19,46,46,1.16
76,2025-09-18,46,46,1.16
77,2025-09-19,48,48,0.95
78,2025-09-18,48,48,1.0
79,2025-09-18,49,49,0.8
80,2025-09-19,49,49,0.5
81,2025-09-18,50,50,0.6
82,2025-09-19,50,50,0.5
83,2025-09-18,51,51,1.4
84,2025-09-19,51,51,1.5
85,2025-09-19,52,52,1.0
86,2025-09-18,52,52,0.99
87,2025-09-18,53,53,1.0
88,2025-09-19,53,53,0.6
89,2025-09-19,54,54,0.4
90,2025-09-18,54,54,0.6
91,2025-09-19,57,57,2.25
92,2025-09-18,57,57,2.3
93,2025-09-18,58,58,2.05
94,2025-09-19,58,58,2.05
95,2025-09-19,59,59,2.1
96,2025-09-18,59,59,1.92
97,2025-09-19,60,60,2.1
98,2025-09-18,60,60,2.8
99,2025-09-18,61,61,2.45
100,2025-09-19,61,61,2.05
101,2025-09-18,63,63,3.55
102,2025-09-19,63,63,3.4
103,2025-09-19,65,65,2.36
104,2025-09-18,65,65,2.62
105,2025-09-19,66,66,2.66
106,2025-09-18,66,66,2.72
107,2025-09-19,67,67,3.39
108,2025-09-18,67,67,3.3
109,2025-09-18,68,68,4.58
110,2025-09-19,68,68,4.61
111,2025-09-18,69,69,5.94
112,2025-09-19,69,69,5.7
113,2025-09-19,70,70,5.2
114,2025-09-18,70,70,5.55
115,2025-09-19,71,71,5.15
116,2025-09-18,71,71,5.44
117,2025-09-18,72,72,5.31
118,2025-09-19,72,72,4.89
119,2025-09-19,73,73,4.57
120,2025-09-18,73,73,4.83
121,2025-09-19,74,74,4.25
122,2025-09-18,74,74,4.63
123,2025-09-18,75,75,9.24
124,2025-09-19,75,75,9.08
125,2025-09-18,77,77,35.16
126,2025-09-19,77,77,35.01
127,2025-09-18,78,78,10.66
128,2025-09-19,78,78,10.41
129,2025-09-18,79,79,7.56
130,2025-09-19,79,79,7.5
131,2025-09-18,80,80,4.38
132,2025-09-19,80,80,4.3
133,2025-09-19,81,81,3.32
134,2025-09-18,81,81,3.3
135,2025-09-19,82,82,2.58
136,2025-09-18,82,82,2.36
137,2025-09-18,84,84,1.58
138,2025-09-19,84,84,1.68
139,2025-09-19,85,85,0.89
140,2025-09-18,85,85,0.82
141,2025-09-19,86,86,1.35
142,2025-09-18,86,86,0.6
143,2025-09-18,99,99,1.68
144,2025-09-19,99,99,1.82
145,2025-09-18,3278,1696,0.78
146,2025-09-19,3278,1696,0.69
147,2025-09-18,3307,1701,1.75
148,2025-09-19,3307,1701,1.73
149,2025-09-19,3348,1743,2.5
150,2025-09-18,3348,1743,2.13
151,2025-09-18,3349,1744,2.12
152,2025-09-19,3349,1744,2.38
153,2025-09-18,6692,2147,1.09
154,2025-09-19,6692,2147,1.06
155,2025-09-19,6695,2184,0.6
156,2025-09-18,6695,2184,0.6
157,2025-09-19,6697,2188,2.3
158,2025-09-18,6697,2188,2.31
159,2025-09-19,6704,2202,1.49
160,2025-09-18,6704,2202,1.49
161,2025-09-18,6705,2185,7.29
162,2025-09-19,6705,2185,7.29
163,2025-09-18,6706,2203,2.34
164,2025-09-19,6706,2203,2.18
165,2025-09-19,6711,2131,2.09
166,2025-09-18,6711,2131,2.03
167,2025-09-19,6718,2196,1.33
168,2025-09-18,6718,2196,1.33
169,2025-09-18,6731,2146,1.1
170,2025-09-19,6731,2146,1.08
171,2025-09-19,6732,2149,0.72
172,2025-09-18,6732,2149,0.46
173,2025-09-19,6741,2208,0.67
174,2025-09-18,6741,2208,0.67
175,2025-09-19,6744,2221,0.74
176,2025-09-18,6744,2221,0.72
177,2025-09-18,6745,2129,2.71
178,2025-09-19,6745,2129,2.62
179,2025-09-18,6746,2123,0.9
180,2025-09-19,6746,2123,0.9
181,2025-09-19,6752,2229,1.13
182,2025-09-18,6752,2229,1.1
183,2025-09-18,6755,2139,3.1
184,2025-09-19,6755,2139,3.1
185,2025-09-18,6756,2199,2.3
186,2025-09-19,6756,2199,2.27
187,2025-09-19,6764,2115,1.79
188,2025-09-18,6766,2227,4.72
189,2025-09-19,6766,2227,4.72
190,2025-09-19,6775,2201,1.57
191,2025-09-18,6775,2201,1.71
192,2025-09-18,6778,2165,1.48
193,2025-09-19,6778,2165,1.48
194,2025-09-19,6785,2122,0.0
195,2025-09-18,6785,2122,0.0
196,2025-09-18,6789,2179,0.87
197,2025-09-19,6789,2179,0.87
198,2025-09-19,6794,2178,0.7
199,2025-09-18,6794,2178,0.91
200,2025-09-18,6800,2197,2.66
201,2025-09-19,6800,2197,2.6
202,2025-09-19,6804,2223,2.15
203,2025-09-18,6804,2223,2.19
204,2025-09-18,6806,2198,1.26
205,2025-09-19,6806,2198,1.25
206,2025-09-19,6807,2158,0.79
207,2025-09-18,6807,2158,0.81
208,2025-09-18,6811,2213,1.98
209,2025-09-19,6811,2213,2.0
210,2025-09-19,6821,2164,0.57
211,2025-09-18,6821,2164,0.57
212,2025-09-18,6829,2204,1.37
213,2025-09-19,6829,2204,1.33
214,2025-09-19,6833,2205,5.82
215,2025-09-18,6833,2205,5.84
216,2025-09-18,6840,2183,0.66
217,2025-09-19,6840,2183,0.66
218,2025-09-19,6845,2136,0.93
219,2025-09-18,6845,2136,0.93
220,2025-09-18,6846,2127,0.51
221,2025-09-19,6852,2211,1.65
222,2025-09-18,6852,2211,1.65
223,2025-09-18,6856,2113,0.14
224,2025-09-19,6856,2113,0.13
225,2025-09-18,6857,2121,1.0
226,2025-09-19,6857,2121,0.98
227,2025-09-18,6865,2175,0.55
228,2025-09-19,6865,2175,0.34
229,2025-09-19,6870,2162,0.44
230,2025-09-18,6870,2162,0.44
231,2025-09-18,6874,2160,1.64
232,2025-09-19,6874,2160,1.67
233,2025-09-19,6876,2180,0.46
234,2025-09-18,6876,2180,0.41
235,2025-09-18,6896,2166,2.07
236,2025-09-19,6896,2166,2.06
237,2025-09-19,6897,2150,2.48
238,2025-09-18,6897,2150,2.41
239,2025-09-18,6898,2210,2.66
240,2025-09-19,6898,2210,2.67
241,2025-09-19,6903,2151,2.19
242,2025-09-18,6903,2151,2.17
243,2025-09-18,6917,2193,0.92
244,2025-09-19,6917,2193,0.94
245,2025-09-19,6918,2194,2.38
246,2025-09-18,6918,2194,2.4
247,2025-09-19,6924,2181,1.52
248,2025-09-19,6928,2228,0.5
249,2025-09-18,6928,2228,0.52
250,2025-09-18,6929,2135,0.43
251,2025-09-19,6929,2135,0.43
252,2025-09-18,6950,2133,1.73
253,2025-09-19,6950,2133,1.66
254,2025-09-19,6951,2116,2.55
255,2025-09-18,6951,2116,2.58
256,2025-09-18,6952,2137,0.44
257,2025-09-19,6952,2137,0.45
258,2025-09-18,6955,2119,2.81
259,2025-09-19,6955,2119,2.8
260,2025-09-19,7058,2230,0.47
261,2025-09-18,7058,2230,0.3
262,2025-09-19,7355,2355,1.08
263,2025-09-18,7355,2355,1.07
264,2025-09-19,8230,2607,0.35
265,2025-09-18,8230,2607,0.36
266,2025-09-18,8233,2608,0.76
267,2025-09-19,8233,2608,0.76
268,2025-09-19,8242,2606,0.97
269,2025-09-18,8242,2606,0.97
270,2025-09-19,8312,2671,-0.01
271,2025-09-18,8312,2671,0.16
272,2025-09-18,8313,2673,1.55
273,2025-09-19,8313,2673,1.52
274,2025-09-18,8314,2672,1.11
275,2025-09-19,8314,2672,1.18
276,2025-09-18,8898,2829,0.7
277,2025-09-19,8898,2829,0.7
278,2025-09-19,9018,2731,4.3
279,2025-09-18,9018,2731,4.32
280,2025-09-19,9021,2832,3.11
281,2025-09-18,9021,2832,3.09
282,2025-09-18,9022,2838,4.4
283,2025-09-19,9022,2838,4.41
284,2025-09-18,9108,2825,0.91
285,2025-09-19,9108,2825,0.89
286,2025-09-19,9192,2732,2.92
287,2025-09-18,9192,2732,2.91
288,2025-09-18,9197,2824,1.8
289,2025-09-19,9197,2824,1.81
290,2025-09-18,9199,2833,4.62
291,2025-09-19,9199,2833,4.58
292,2025-09-19,9200,2836,1.76
293,2025-09-18,9200,2836,1.82
294,2025-09-19,9410,2823,1.56
295,2025-09-18,9410,2823,1.56
296,2025-09-19,9411,2831,0.73
297,2025-09-18,9411,2831,0.73
298,2025-09-18,9412,2837,2.94
299,2025-09-19,9412,2837,2.93
300,2025-09-19,9442,2830,0.25
301,2025-09-18,9442,2830,0.35
302,2025-09-19,9443,2834,5.26
303,2025-09-18,9443,2834,5.26
304,2025-09-18,9494,2844,0.82
305,2025-09-19,9494,2844,0.81
306,2025-09-18,9542,2813,0.41
307,2025-09-19,9542,2813,0.41
308,2025-09-19,9549,2809,0.53
309,2025-09-18,9549,2809,0.53
310,2025-09-18,9550,2853,0.64
311,2025-09-19,9550,2853,0.44
312,2025-09-19,9551,2854,2.28
313,2025-09-18,9551,2854,2.36
314,2025-09-18,9552,2855,5.78
315,2025-09-19,9552,2855,5.69
316,2025-09-19,9553,2812,1.1
317,2025-09-18,9553,2812,1.1
318,2025-09-18,18621,5430,35.27
319,2025-09-19,18621,5430,35.18
320,2025-09-19,26201,5873,3.17
321,2025-09-18,26201,5873,3.3
322,2025-09-18,26204,5874,2.69
323,2025-09-19,26204,5874,2.89
324,2025-09-19,29435,5893,1.36
325,2025-09-18,29435,5893,1.33
326,2025-09-18,29436,5905,1.08
327,2025-09-19,29436,5905,1.09
328,2025-09-19,29437,5907,0.58
329,2025-09-18,29437,5907,0.7
330,2025-09-18,29438,5894,2.39
331,2025-09-19,29438,5894,2.39
332,2025-09-18,29439,5900,1.7
333,2025-09-19,29439,5900,1.69
334,2025-09-19,29440,5901,1.33
335,2025-09-18,29440,5901,1.36
336,2025-09-18,30125,5912,1.37
337,2025-09-19,30125,5912,1.4
338,2025-09-19,31939,6400,1.79
339,2025-09-18,31939,6400,1.71
340,2025-09-18,31940,6406,0.47
341,2025-09-19,31940,6406,0.5
342,2025-09-18,31956,6401,0.11
343,2025-09-19,31956,6401,0.08
344,2025-09-18,31981,6426,1.47
345,2025-09-19,31981,6426,1.49
346,2025-09-19,31982,6397,1.14
347,2025-09-18,31982,6397,1.14
348,2025-09-18,32008,6421,1.44
349,2025-09-19,32008,6421,1.44
350,2025-09-18,32016,6393,0.49
351,2025-09-19,32016,6393,0.47
352,2025-09-19,32023,6461,0.53
353,2025-09-18,32023,6461,0.54
354,2025-09-19,32024,6459,0.87
355,2025-09-18,32024,6459,1.04
356,2025-09-18,32025,2846,2.8
357,2025-09-19,32025,2846,2.99
358,2025-09-19,32027,6423,4.33
359,2025-09-18,32027,6423,4.34
360,2025-09-19,32250,6418,0.01
361,2025-09-18,32250,6418,0.01
362,2025-09-18,32261,6435,0.8
363,2025-09-19,32261,6435,0.74
364,2025-09-19,32299,6447,3.55
365,2025-09-18,32299,6447,3.55
366,2025-09-18,32300,6465,4.57
367,2025-09-19,32300,6465,4.57
368,2025-09-19,32301,6444,0.35
369,2025-09-18,32301,6444,0.35
370,2025-09-18,32302,6442,0.8
371,2025-09-19,32302,6442,0.71
372,2025-09-19,32305,6480,0.65
373,2025-09-18,32305,6480,0.66
374,2025-09-18,32597,6380,0.96
375,2025-09-19,32597,6380,1.0
376,2025-09-18,32598,6391,1.43
377,2025-09-19,32598,6391,1.44
378,2025-09-19,32631,6354,2.0
379,2025-09-18,32631,6354,2.11
380,2025-09-19,32633,6454,1.98
381,2025-09-18,32633,6454,1.87
382,2025-09-18,32645,6429,2.44
383,2025-09-19,32645,6429,2.42
384,2025-09-19,32656,6428,1.79
385,2025-09-18,32656,6428,1.76
386,2025-09-18,32666,6430,1.18
387,2025-09-19,32666,6430,1.21
388,2025-09-19,32675,6263,2.6
389,2025-09-18,32675,6263,2.61
390,2025-09-18,32679,6504,1.46
391,2025-09-19,32679,6504,1.46
392,2025-09-19,32704,6540,0.94
393,2025-09-18,32704,6540,0.94
394,2025-09-18,32708,6539,2.2
395,2025-09-19,32708,6539,2.23
396,2025-09-18,32710,6569,1.87
397,2025-09-19,32710,6569,1.87
398,2025-09-19,32711,6544,0.95
399,2025-09-18,32711,6544,0.95
400,2025-09-18,32741,6424,0.34
401,2025-09-19,32741,6424,0.34
402,2025-09-19,32742,6427,1.65
403,2025-09-18,32742,6427,1.61
404,2025-09-19,32777,6464,2.93
405,2025-09-18,32777,6464,2.94
406,2025-09-18,32798,6301,1.04
407,2025-09-19,32798,6301,1.1
408,2025-09-19,32820,6498,0.22
409,2025-09-18,32820,6498,0.22
410,2025-09-18,32837,6508,6.77
411,2025-09-19,32837,6508,6.69
412,2025-09-19,32851,6548,1.37
413,2025-09-18,32851,6548,1.35
414,2025-09-18,32860,6588,2.41
415,2025-09-19,32860,6588,2.24
416,2025-09-19,32862,6516,0.53
417,2025-09-18,32862,6516,0.54
418,2025-09-18,32868,6439,0.84
419,2025-09-19,32868,6439,0.79
420,2025-09-19,32870,6591,20.75
421,2025-09-18,32870,6591,20.75
422,2025-09-18,32876,6604,1.02
423,2025-09-19,32876,6604,1.0
424,2025-09-19,32882,6549,0.43
425,2025-09-18,32882,6549,0.46
426,2025-09-18,32926,6405,3.25
427,2025-09-19,32926,6405,3.23
428,2025-09-19,32929,6365,2.2
429,2025-09-18,32929,6365,2.32
430,2025-09-19,32997,6507,1.21
431,2025-09-18,32997,6507,1.21
432,2025-09-19,32998,6511,1.86
433,2025-09-18,32998,6511,1.8
434,2025-09-18,33022,6481,0.48
435,2025-09-19,33022,6481,0.48
436,2025-09-18,33056,6616,0.07
437,2025-09-19,33056,6616,0.08
438,2025-09-18,33058,6639,1.1
439,2025-09-19,33058,6639,1.1
440,2025-09-19,33059,6625,1.3
441,2025-09-18,33059,6625,1.3
442,2025-09-18,33061,6659,1.85
443,2025-09-19,33061,6659,1.83
444,2025-09-19,33062,6582,1.01
445,2025-09-18,33062,6582,1.0
446,2025-09-18,33064,6608,0.3
447,2025-09-19,33064,6608,0.31
448,2025-09-18,33066,6667,2.01
449,2025-09-19,33066,6667,1.99
450,2025-09-19,33067,6672,1.56
451,2025-09-18,33067,6672,1.57
452,2025-09-19,33068,6681,5.8
453,2025-09-18,33068,6681,4.75
454,2025-09-19,33091,6394,16.23
455,2025-09-18,33091,6394,15.97
456,2025-09-18,33099,6446,0.84
457,2025-09-19,33099,6446,0.84
458,2025-09-18,33116,6456,1.93
459,2025-09-19,33116,6456,1.92
460,2025-09-19,33124,6479,0.84
461,2025-09-18,33124,6479,0.9
462,2025-09-18,33188,6577,1.44
463,2025-09-19,33188,6577,1.44
464,2025-09-18,33189,6587,6.79
465,2025-09-19,33189,6587,6.79
466,2025-09-19,33192,6592,3.28
467,2025-09-18,33192,6592,3.49
468,2025-09-18,33204,6610,0.57
469,2025-09-19,33204,6610,0.58
470,2025-09-19,33216,6664,2.51
471,2025-09-18,33216,6664,2.65
472,2025-09-18,33230,6551,4.25
473,2025-09-19,33230,6551,3.85
474,2025-09-18,33231,6615,4.92
475,2025-09-19,33231,6615,4.92
476,2025-09-19,33233,6586,0.86
477,2025-09-18,33233,6586,0.86
478,2025-09-18,33241,6578,2.7
479,2025-09-19,33241,6578,2.4
480,2025-09-19,33250,6718,0.73
481,2025-09-18,33250,6718,0.73
482,2025-09-18,33251,6730,-1.5
483,2025-09-19,33251,6730,-0.61
484,2025-09-19,33252,6740,1.16
485,2025-09-18,33252,6740,1.12
486,2025-09-18,33256,6389,0.41
487,2025-09-19,33256,6389,0.41
488,2025-09-19,33257,6395,1.08
489,2025-09-18,33257,6395,1.12
490,2025-09-18,33259,6422,0.92
491,2025-09-19,33259,6422,0.98
492,2025-09-19,33281,6466,-0.24
493,2025-09-18,33281,6466,-0.24
494,2025-09-18,33392,6628,1.26
495,2025-09-19,33392,6628,1.23
496,2025-09-19,33393,6637,0.8
497,2025-09-18,33393,6637,0.86
498,2025-09-18,33394,6649,1.63
499,2025-09-19,33394,6649,1.69
500,2025-09-19,33395,6654,0.91
501,2025-09-18,33395,6654,0.91
502,2025-09-18,33396,6660,1.5
503,2025-09-19,33396,6660,1.48
504,2025-09-19,33399,6678,0.2
505,2025-09-18,33399,6678,0.34
506,2025-09-18,33400,6706,-0.03
507,2025-09-19,33400,6706,-0.03
508,2025-09-19,33424,6719,1.71
509,2025-09-18,33424,6719,1.73
510,2025-09-18,33426,6738,0.29
511,2025-09-19,33426,6738,0.3
512,2025-09-19,33427,6652,2.62
513,2025-09-18,33427,6652,2.63
514,2025-09-18,33433,6382,0.53
515,2025-09-19,33433,6382,0.53
516,2025-09-19,33461,6457,2.79
517,2025-09-18,33461,6457,2.78
518,2025-09-18,33502,6535,0.36
519,2025-09-19,33502,6535,0.36
520,2025-09-19,33505,6570,0.42
521,2025-09-18,33505,6570,0.59
522,2025-09-18,33516,6640,0.65
523,2025-09-19,33516,6640,0.65
524,2025-09-18,33517,6627,1.38
525,2025-09-19,33517,6627,1.38
526,2025-09-19,33519,6648,0.8
527,2025-09-18,33519,6648,0.8
528,2025-09-18,33520,6650,0.65
529,2025-09-19,33520,6650,0.64
530,2025-09-19,33531,6669,1.93
531,2025-09-18,33531,6669,1.94
532,2025-09-18,33675,6383,-0.23
533,2025-09-19,33675,6383,-0.23
534,2025-09-19,33676,6386,1.6
535,2025-09-18,33676,6386,1.59
536,2025-09-18,33677,6396,1.03
537,2025-09-19,33677,6396,1.01
538,2025-09-19,33681,6432,0.25
539,2025-09-18,33681,6432,-0.1
540,2025-09-18,33696,6458,9.48
541,2025-09-19,33696,6458,9.05
542,2025-09-19,33766,6611,2.04
543,2025-09-18,33766,6611,1.99
544,2025-09-18,33793,6707,0.9
545,2025-09-19,33793,6707,0.92
546,2025-09-19,33811,6739,0.52
547,2025-09-18,33811,6739,0.5
548,2025-09-18,33822,6742,443.58
549,2025-09-19,33822,6742,443.58
550,2025-09-19,33832,6763,0.96
551,2025-09-18,33832,6763,0.96
552,2025-09-18,33839,6388,0.72
553,2025-09-19,33839,6388,0.73
554,2025-09-19,33882,6505,1.6
555,2025-09-18,33882,6505,1.6
556,2025-09-18,33886,6519,0.43
557,2025-09-19,33886,6519,0.42
558,2025-09-19,33887,6529,1.58
559,2025-09-18,33887,6529,1.59
560,2025-09-18,33913,6597,2.11
561,2025-09-19,33913,6597,2.11
562,2025-09-19,33927,6638,1.94
563,2025-09-18,33927,6638,1.56
564,2025-09-18,33948,6745,-1.5
565,2025-09-19,33948,6745,-1.51
566,2025-09-19,33952,6744,-0.24
567,2025-09-18,33952,6744,-0.25
568,2025-09-18,33966,6506,0.15
569,2025-09-19,33966,6506,0.15
570,2025-09-18,33968,6518,1.64
571,2025-09-19,33968,6518,1.63
572,2025-09-19,33974,6555,0.85
573,2025-09-18,33974,6555,0.86
574,2025-09-18,33988,6621,5.3
575,2025-09-19,33988,6621,5.03
576,2025-09-19,34000,6655,0.88
577,2025-09-18,34000,6655,0.87
578,2025-09-19,34010,6721,1.22
579,2025-09-18,34010,6721,1.2
580,2025-09-19,34033,6441,1.02
581,2025-09-18,34033,6441,1.01
582,2025-09-18,34035,6449,2.04
583,2025-09-19,34035,6449,2.13
584,2025-09-18,34065,6553,3.23
585,2025-09-19,34065,6553,3.24
586,2025-09-19,34080,6618,2.89
587,2025-09-18,34080,6618,2.92
588,2025-09-19,34086,6626,1.2
589,2025-09-18,34086,6626,1.2
590,2025-09-18,34087,6651,1.38
591,2025-09-19,34087,6651,1.38
592,2025-09-19,34088,6657,2.13
593,2025-09-18,34088,6657,1.27
594,2025-09-19,34093,6685,1.55
595,2025-09-18,34093,6685,1.55
596,2025-09-18,34115,6698,0.65
597,2025-09-19,34115,6698,0.65
598,2025-09-19,34121,6735,0.77
599,2025-09-18,34121,6735,0.77
600,2025-09-18,34139,6581,0.86
601,2025-09-19,34139,6581,0.86
602,2025-09-19,34145,6595,1.23
603,2025-09-18,34145,6595,1.25
604,2025-09-18,34147,6631,0.49
605,2025-09-19,34147,6631,0.49
606,2025-09-19,34148,6671,1.4
607,2025-09-18,34148,6671,1.39
608,2025-09-19,34150,6684,5.8
609,2025-09-18,34150,6684,5.8
610,2025-09-18,34178,6746,0.66
611,2025-09-19,34178,6746,0.63
612,2025-09-19,34179,6743,0.65
613,2025-09-18,34179,6743,0.65
614,2025-09-18,34185,6445,1.83
615,2025-09-19,34185,6445,1.83
616,2025-09-19,34219,6722,1.28
617,2025-09-18,34219,6722,1.29
618,2025-09-18,34224,6747,0.68
619,2025-09-19,34224,6747,0.74
620,2025-09-19,34314,6748,2.85
621,2025-09-18,34314,6748,2.86
622,2025-09-18,34340,6356,0.37
623,2025-09-19,34340,6356,0.36
624,2025-09-18,34342,6357,-0.12
625,2025-09-19,34342,6357,-0.12
626,2025-09-19,34344,6360,1.75
627,2025-09-18,34344,6360,1.78
628,2025-09-18,34345,6361,0.62
629,2025-09-19,34345,6361,0.63
630,2025-09-19,34346,6362,0.52
631,2025-09-18,34346,6362,0.56
632,2025-09-18,34851,6832,1.38
633,2025-09-19,34851,6832,1.27
634,2025-09-19,35405,6949,2.15
635,2025-09-18,35405,6949,2.24
636,2025-09-18,35407,6950,1.59
637,2025-09-19,35407,6950,2.75
638,2025-09-19,35409,6951,2.84
639,2025-09-18,35409,6951,3.11
640,2025-09-18,35411,6952,3.25
641,2025-09-19,35411,6952,3.02
642,2025-09-19,36690,7163,3.49
643,2025-09-18,36690,7163,3.49
644,2025-09-18,36691,7164,2.23
645,2025-09-19,36691,7164,2.21
646,2025-09-19,36693,7166,1.51
647,2025-09-18,36693,7166,1.54
648,2025-09-18,36694,7167,4.27
649,2025-09-19,36694,7167,4.19
650,2025-09-19,36723,7184,1.75
651,2025-09-18,36723,7184,1.71
652,2025-09-18,36724,7185,0.85
653,2025-09-19,36724,7185,1.56
654,2025-09-19,36726,7187,0.77
655,2025-09-18,36726,7187,0.76
656,2025-09-18,36727,7188,-0.01
657,2025-09-19,36727,7188,-0.01
658,2025-09-19,36728,7189,-0.18
659,2025-09-18,36728,7189,-0.18
660,2025-09-18,36729,7190,0.51
661,2025-09-19,36729,7190,0.48
662,2025-09-19,36730,7191,-0.05
663,2025-09-18,36730,7191,-0.05
664,2025-09-18,36732,7193,0.26
665,2025-09-19,36732,7193,0.27
666,2025-09-19,36733,7194,0.68
667,2025-09-18,36733,7194,0.5
668,2025-09-18,36735,7196,0.17
669,2025-09-19,36735,7196,0.17
670,2025-09-19,36786,7204,5.51
671,2025-09-18,36786,7204,5.5
672,2025-09-18,36827,7230,3.72
673,2025-09-19,36827,7230,3.56
674,2025-09-19,36828,7231,-0.23
675,2025-09-18,36828,7231,-0.26
676,2025-09-18,36829,7232,-0.26
677,2025-09-19,36829,7232,-0.24
678,2025-09-19,36831,7233,0.17
679,2025-09-18,36831,7233,0.16
680,2025-09-18,36832,7234,4.73
681,2025-09-19,36832,7234,4.64
682,2025-09-19,36833,7235,0.64
683,2025-09-18,36833,7235,0.62
684,2025-09-18,36835,7236,1.62
685,2025-09-19,36835,7236,1.62
686,2025-09-19,36837,7237,0.03
687,2025-09-18,36837,7237,0.02
688,2025-09-18,36838,7238,1.4
689,2025-09-19,36838,7238,1.37
690,2025-09-19,36840,7239,0.96
691,2025-09-18,36840,7239,0.97
692,2025-09-18,36841,7240,0.84
693,2025-09-19,36841,7240,0.87
694,2025-09-19,36842,7241,1.1
695,2025-09-18,36842,7241,1.06
696,2025-09-18,36844,7242,1.05
697,2025-09-19,36844,7242,1.09
698,2025-09-18,36845,7243,0.93
699,2025-09-19,36845,7243,0.94
700,2025-09-19,36848,7245,1.41
701,2025-09-18,36848,7245,1.46
702,2025-09-18,36858,7247,2.09
703,2025-09-19,36858,7247,2.09
704,2025-09-19,36859,7248,0.04
705,2025-09-18,36859,7248,-0.05
706,2025-09-18,36860,7249,0.86
707,2025-09-19,36860,7249,0.87
708,2025-09-19,36862,7250,1.59
709,2025-09-18,36862,7250,1.58
710,2025-09-18,36870,7251,0.92
711,2025-09-19,36870,7251,0.92
712,2025-09-19,36871,7252,2.08
713,2025-09-18,36871,7252,2.1
714,2025-09-18,36875,7255,0.61
715,2025-09-19,36875,7255,0.6
716,2025-09-19,36886,7258,1.12
717,2025-09-18,36886,7258,1.11
718,2025-09-18,36888,7259,1.48
719,2025-09-19,36888,7259,1.48
720,2025-09-19,36905,7260,-0.19
721,2025-09-18,36905,7260,-0.18
722,2025-09-18,36906,7261,1.87
723,2025-09-19,36906,7261,1.86
724,2025-09-19,36917,7264,3.29
725,2025-09-18,36917,7264,3.29
726,2025-09-18,36918,7265,-0.01
727,2025-09-19,36918,7265,-0.01
728,2025-09-19,36920,7266,5.75
729,2025-09-18,36920,7266,5.85
730,2025-09-19,36921,7267,0.99
731,2025-09-18,36921,7267,0.99
732,2025-09-19,36950,7270,0.36
733,2025-09-18,36950,7270,0.36
734,2025-09-18,36962,7275,0.72
735,2025-09-19,36962,7275,0.67
736,2025-09-18,36963,7276,1.57
737,2025-09-19,36963,7276,1.54
738,2025-09-19,36964,7277,7.51
739,2025-09-18,36964,7277,8.34
740,2025-09-18,36968,7279,1.48
741,2025-09-19,36968,7279,1.48
742,2025-09-19,36996,7283,0.59
743,2025-09-18,36996,7283,0.59
744,2025-09-18,37013,7286,2.89
745,2025-09-19,37013,7286,2.89
746,2025-09-19,37019,7288,1.03
747,2025-09-18,37019,7288,1.02
748,2025-09-19,37029,7291,2.59
749,2025-09-18,37029,7291,3.36
750,2025-09-18,37038,7293,1.25
751,2025-09-19,37038,7293,1.24
752,2025-09-18,37040,7294,1.02
753,2025-09-19,37040,7294,1.01
754,2025-09-18,37041,7295,0.77
755,2025-09-19,37041,7295,0.77
756,2025-09-18,37042,7296,0.34
757,2025-09-19,37042,7296,0.37
758,2025-09-19,37043,7297,0.36
759,2025-09-18,37043,7297,0.38
760,2025-09-18,37055,7301,1.96
761,2025-09-19,37055,7301,1.94
762,2025-09-19,37064,7302,0.34
763,2025-09-18,37064,7302,0.44
764,2025-09-18,37065,7303,18.05
765,2025-09-19,37065,7303,17.29
766,2025-09-19,37076,7306,0.61
767,2025-09-19,37530,7378,0.84
768,2025-09-18,37530,7378,0.84
769,2025-09-18,37558,7381,0.28
770,2025-09-19,37558,7381,0.27
771,2025-09-18,37559,7382,0.52
772,2025-09-19,37559,7382,0.51
773,2025-09-18,37574,7384,1.07
774,2025-09-19,37574,7384,1.06
775,2025-09-19,37577,7385,1.24
776,2025-09-18,37577,7385,1.22
777,2025-09-19,37578,7386,0.0
778,2025-09-18,37578,7386,-0.07
779,2025-09-18,37580,7387,1.47
780,2025-09-19,37580,7387,1.47
781,2025-09-18,37581,7388,0.11
782,2025-09-19,37581,7388,0.59
783,2025-09-19,37594,7392,1.44
784,2025-09-18,37594,7392,1.45
785,2025-09-18,37595,6624,0.63
786,2025-09-19,37595,6624,0.63
787,2025-09-18,37597,6622,1.12
788,2025-09-19,37597,6622,1.12
