date,rio_id,lat,lon,altura_value,precipitaciones_value,es_null,year
2023-01-02,6746-2123,-36.3977777777778,-67.1402777777778,-0.06,0.0,False,2023
2023-01-03,6746-2123,-36.3977777777778,-67.1402777777778,-0.06,0.0,False,2023
2023-01-04,6746-2123,-36.3977777777778,-67.1402777777778,-0.06,0.0,False,2023
2023-01-05,6746-2123,-36.3977777777778,-67.1402777777778,-0.06,0.1,False,2023
2023-01-06,6746-2123,-36.3977777777778,-67.1402777777778,-0.06,0.1,False,2023
2023-01-07,6746-2123,-36.3977777777778,-67.1402777777778,-0.06,0.0,False,2023
2023-01-08,6746-2123,-36.3977777777778,-67.1402777777778,-0.06,0.0,False,2023
2023-01-09,6746-2123,-36.3977777777778,-67.1402777777778,-0.06,0.7,False,2023
2023-01-10,6746-2123,-36.3977777777778,-67.1402777777778,-0.06,3.4,False,2023
2023-01-11,6746-2123,-36.3977777777778,-67.1402777777778,-0.06,0.0,False,2023
2023-01-12,6746-2123,-36.3977777777778,-67.1402777777778,-0.06,0.0,False,2023
2023-01-13,6746-2123,-36.3977777777778,-67.1402777777778,-0.06,0.0,False,2023
2023-01-14,6746-2123,-36.3977777777778,-67.1402777777778,-0.06,0.0,False,2023
2023-01-15,6746-2123,-36.3977777777778,-67.1402777777778,-0.06,0.0,False,2023
2023-01-16,6746-2123,-36.3977777777778,-67.1402777777778,-0.06,4.0,False,2023
2023-01-17,6746-2123,-36.3977777777778,-67.1402777777778,-0.06,0.8,False,2023
2023-01-18,6746-2123,-36.3977777777778,-67.1402777777778,-0.06,0.4,False,2023
2023-01-19,6746-2123,-36.3977777777778,-67.1402777777778,-0.06,1.0,False,2023
2023-01-20,6746-2123,-36.3977777777778,-67.1402777777778,-0.06,16.4,False,2023
2023-01-21,6746-2123,-36.3977777777778,-67.1402777777778,-0.06,0.0,False,2023
2023-01-22,6746-2123,-36.3977777777778,-67.1402777777778,-0.06,0.0,False,2023
2023-01-23,6746-2123,-36.3977777777778,-67.1402777777778,-0.06,0.1,False,2023
2023-01-24,6746-2123,-36.3977777777778,-67.1402777777778,-0.06,0.0,False,2023
2023-01-25,6746-2123,-36.3977777777778,-67.1402777777778,-0.06,9.5,False,2023
2023-01-26,6746-2123,-36.3977777777778,-67.1402777777778,-0.06,0.0,False,2023
2023-01-27,6746-2123,-36.3977777777778,-67.1402777777778,-0.06,0.0,False,2023
2023-01-28,6746-2123,-36.3977777777778,-67.1402777777778,-0.06,0.0,False,2023
2023-01-29,6746-2123,-36.3977777777778,-67.1402777777778,-0.06,0.0,False,2023
2023-01-30,6746-2123,-36.3977777777778,-67.1402777777778,-0.06,0.0,False,2023
2023-01-31,6746-2123,-36.3977777777778,-67.1402777777778,-0.06,0.3,False,2023
2023-02-01,6746-2123,-36.3977777777778,-67.1402777777778,-0.06,0.0,False,2023
2023-02-02,6746-2123,-36.3977777777778,-67.1402777777778,-0.06,0.0,False,2023
2023-02-03,6746-2123,-36.3977777777778,-67.1402777777778,-0.06,0.0,False,2023
2023-02-04,6746-2123,-36.3977777777778,-67.1402777777778,-0.06,0.0,False,2023
2023-02-05,6746-2123,-36.3977777777778,-67.1402777777778,-0.06,0.0,False,2023
2023-02-06,6746-2123,-36.3977777777778,-67.1402777777778,-0.06,0.0,False,2023
2023-02-07,6746-2123,-36.3977777777778,-67.1402777777778,-0.06,0.0,False,2023
2023-02-08,6746-2123,-36.3977777777778,-67.1402777777778,-0.06,0.0,False,2023
2023-02-09,6746-2123,-36.3977777777778,-67.1402777777778,-0.06,0.0,False,2023
2023-02-10,6746-2123,-36.3977777777778,-67.1402777777778,-0.06,0.0,False,2023
2023-02-11,6746-2123,-36.3977777777778,-67.1402777777778,-0.06,0.0,False,2023
2023-02-12,6746-2123,-36.3977777777778,-67.1402777777778,-0.06,0.0,False,2023
2023-02-13,6746-2123,-36.3977777777778,-67.1402777777778,-0.06,0.0,False,2023
2023-02-14,6746-2123,-36.3977777777778,-67.1402777777778,-0.06,0.0,False,2023
2023-02-15,6746-2123,-36.3977777777778,-67.1402777777778,-0.06,0.0,False,2023
2023-02-16,6746-2123,-36.3977777777778,-67.1402777777778,-0.06,0.0,False,2023
2023-02-17,6746-2123,-36.3977777777778,-67.1402777777778,-0.06,0.0,False,2023
2023-02-18,6746-2123,-36.3977777777778,-67.1402777777778,-0.06,0.0,False,2023
2023-02-19,6746-2123,-36.3977777777778,-67.1402777777778,-0.06,0.0,False,2023
2023-02-20,6746-2123,-36.3977777777778,-67.1402777777778,-0.06,0.0,False,2023
2023-02-21,6746-2123,-36.3977777777778,-67.1402777777778,-0.06,0.0,False,2023
2023-02-22,6746-2123,-36.3977777777778,-67.1402777777778,-0.06,0.0,False,2023
2023-02-23,6746-2123,-36.3977777777778,-67.1402777777778,-0.06,0.0,False,2023
2023-02-24,6746-2123,-36.3977777777778,-67.1402777777778,-0.06,2.2,False,2023
2023-02-25,6746-2123,-36.3977777777778,-67.1402777777778,-0.06,0.0,False,2023
2023-02-26,6746-2123,-36.3977777777778,-67.1402777777778,-0.06,0.0,False,2023
2023-02-27,6746-2123,-36.3977777777778,-67.1402777777778,-0.06,0.0,False,2023
2023-02-28,6746-2123,-36.3977777777778,-67.1402777777778,-0.06,0.0,False,2023
2023-03-01,6746-2123,-36.3977777777778,-67.1402777777778,-0.06,0.0,False,2023
2023-03-02,6746-2123,-36.3977777777778,-67.1402777777778,-0.06,0.0,False,2023
2023-03-03,6746-2123,-36.3977777777778,-67.1402777777778,-0.06,0.0,False,2023
2023-03-04,6746-2123,-36.3977777777778,-67.1402777777778,-0.06,0.0,False,2023
2023-03-05,6746-2123,-36.3977777777778,-67.1402777777778,-0.06,0.0,False,2023
2023-03-06,6746-2123,-36.3977777777778,-67.1402777777778,-0.06,0.0,False,2023
2023-03-07,6746-2123,-36.3977777777778,-67.1402777777778,-0.06,0.0,False,2023
2023-03-08,6746-2123,-36.3977777777778,-67.1402777777778,-0.06,3.7,False,2023
2023-03-09,6746-2123,-36.3977777777778,-67.1402777777778,-0.06,2.4,False,2023
2023-03-10,6746-2123,-36.3977777777778,-67.1402777777778,-0.06,0.0,False,2023
2023-03-11,6746-2123,-36.3977777777778,-67.1402777777778,-0.06,0.0,False,2023
2023-03-12,6746-2123,-36.3977777777778,-67.1402777777778,-0.06,2.5,False,2023
2023-03-13,6746-2123,-36.3977777777778,-67.1402777777778,-0.06,0.0,False,2023
2023-03-14,6746-2123,-36.3977777777778,-67.1402777777778,-0.06,0.0,False,2023
2023-03-15,6746-2123,-36.3977777777778,-67.1402777777778,-0.06,6.8,False,2023
2023-03-16,6746-2123,-36.3977777777778,-67.1402777777778,-0.06,3.9,False,2023
2023-03-17,6746-2123,-36.3977777777778,-67.1402777777778,-0.06,10.0,False,2023
2023-03-18,6746-2123,-36.3977777777778,-67.1402777777778,-0.06,46.6,False,2023
2023-03-19,6746-2123,-36.3977777777778,-67.1402777777778,-0.06,5.1,False,2023
2023-03-20,6746-2123,-36.3977777777778,-67.1402777777778,-0.06,0.1,False,2023
2023-03-21,6746-2123,-36.3977777777778,-67.1402777777778,-0.06,0.1,False,2023
2023-03-22,6746-2123,-36.3977777777778,-67.1402777777778,-0.06,0.0,False,2023
2023-03-23,6746-2123,-36.3977777777778,-67.1402777777778,-0.06,0.1,False,2023
2023-03-24,6746-2123,-36.3977777777778,-67.1402777777778,-0.06,0.7,False,2023
2023-03-25,6746-2123,-36.3977777777778,-67.1402777777778,-0.06,0.0,False,2023
2023-03-26,6746-2123,-36.3977777777778,-67.1402777777778,-0.06,0.0,False,2023
2023-03-27,6746-2123,-36.3977777777778,-67.1402777777778,-0.06,0.0,False,2023
2023-03-28,6746-2123,-36.3977777777778,-67.1402777777778,-0.06,0.0,False,2023
2023-03-29,6746-2123,-36.3977777777778,-67.1402777777778,-0.06,0.0,False,2023
2023-03-30,6746-2123,-36.3977777777778,-67.1402777777778,-0.06,0.0,False,2023
2023-03-31,6746-2123,-36.3977777777778,-67.1402777777778,-0.06,0.0,False,2023
2023-04-01,6746-2123,-36.3977777777778,-67.1402777777778,-0.06,0.0,False,2023
2023-04-02,6746-2123,-36.3977777777778,-67.1402777777778,-0.06,0.0,False,2023
2023-04-03,6746-2123,-36.3977777777778,-67.1402777777778,-0.06,0.0,False,2023
2023-04-04,6746-2123,-36.3977777777778,-67.1402777777778,-0.06,0.0,False,2023
2023-04-05,6746-2123,-36.3977777777778,-67.1402777777778,-0.06,0.0,False,2023
2023-04-06,6746-2123,-36.3977777777778,-67.1402777777778,-0.06,0.0,False,2023
2023-04-07,6746-2123,-36.3977777777778,-67.1402777777778,-0.06,0.1,False,2023
2023-04-08,6746-2123,-36.3977777777778,-67.1402777777778,-0.06,0.0,False,2023
2023-04-09,6746-2123,-36.3977777777778,-67.1402777777778,-0.06,0.0,False,2023
2023-04-10,6746-2123,-36.3977777777778,-67.1402777777778,-0.06,0.3,False,2023
2023-04-11,6746-2123,-36.3977777777778,-67.1402777777778,-0.06,0.0,False,2023
2023-04-12,6746-2123,-36.3977777777778,-67.1402777777778,-0.06,0.1,False,2023
2023-04-13,6746-2123,-36.3977777777778,-67.1402777777778,-0.06,0.2,False,2023
2023-04-14,6746-2123,-36.3977777777778,-67.1402777777778,-0.07,0.0,False,2023
2023-04-15,6746-2123,-36.3977777777778,-67.1402777777778,-0.07,0.7,False,2023
2023-04-16,6746-2123,-36.3977777777778,-67.1402777777778,-0.07,0.0,False,2023
2023-04-17,6746-2123,-36.3977777777778,-67.1402777777778,-0.07,0.4,False,2023
2023-04-18,6746-2123,-36.3977777777778,-67.1402777777778,-0.07,0.0,False,2023
2023-04-19,6746-2123,-36.3977777777778,-67.1402777777778,-0.07,0.0,False,2023
2023-04-20,6746-2123,-36.3977777777778,-67.1402777777778,-0.07,0.0,False,2023
2023-04-21,6746-2123,-36.3977777777778,-67.1402777777778,-0.07,0.0,False,2023
2023-04-22,6746-2123,-36.3977777777778,-67.1402777777778,-0.07,0.0,False,2023
2023-04-23,6746-2123,-36.3977777777778,-67.1402777777778,-0.06,0.0,False,2023
2023-04-24,6746-2123,-36.3977777777778,-67.1402777777778,-0.06,0.0,False,2023
2023-04-25,6746-2123,-36.3977777777778,-67.1402777777778,-0.07,0.0,False,2023
2023-04-26,6746-2123,-36.3977777777778,-67.1402777777778,-0.06,0.0,False,2023
2023-04-27,6746-2123,-36.3977777777778,-67.1402777777778,-0.06,0.0,False,2023
2023-04-28,6746-2123,-36.3977777777778,-67.1402777777778,-0.07,0.0,False,2023
2023-04-29,6746-2123,-36.3977777777778,-67.1402777777778,-0.07,0.0,False,2023
2023-04-30,6746-2123,-36.3977777777778,-67.1402777777778,-0.06,9.0,False,2023
2023-05-01,6746-2123,-36.3977777777778,-67.1402777777778,-0.06,0.0,False,2023
2023-05-02,6746-2123,-36.3977777777778,-67.1402777777778,-0.07,0.0,False,2023
2023-05-03,6746-2123,-36.3977777777778,-67.1402777777778,-0.07,0.0,False,2023
2023-05-04,6746-2123,-36.3977777777778,-67.1402777777778,-0.07,0.0,False,2023
2023-05-05,6746-2123,-36.3977777777778,-67.1402777777778,-0.07,0.0,False,2023
2023-05-06,6746-2123,-36.3977777777778,-67.1402777777778,-0.07,0.0,False,2023
2023-05-07,6746-2123,-36.3977777777778,-67.1402777777778,-0.07,0.0,False,2023
2023-05-08,6746-2123,-36.3977777777778,-67.1402777777778,-0.07,0.0,False,2023
2023-05-09,6746-2123,-36.3977777777778,-67.1402777777778,-0.07,0.0,False,2023
2023-05-10,6746-2123,-36.3977777777778,-67.1402777777778,-0.07,0.0,False,2023
2023-05-11,6746-2123,-36.3977777777778,-67.1402777777778,-0.07,0.0,False,2023
2023-05-12,6746-2123,-36.3977777777778,-67.1402777777778,-0.07,0.0,False,2023
2023-05-13,6746-2123,-36.3977777777778,-67.1402777777778,-0.07,0.0,False,2023
2023-05-14,6746-2123,-36.3977777777778,-67.1402777777778,-0.07,0.0,False,2023
2023-05-15,6746-2123,-36.3977777777778,-67.1402777777778,-0.07,0.0,False,2023
2023-05-16,6746-2123,-36.3977777777778,-67.1402777777778,-0.07,0.0,False,2023
2023-05-17,6746-2123,-36.3977777777778,-67.1402777777778,-0.07,2.2,False,2023
2023-05-18,6746-2123,-36.3977777777778,-67.1402777777778,-0.07,0.0,False,2023
2023-05-19,6746-2123,-36.3977777777778,-67.1402777777778,-0.07,0.0,False,2023
2023-05-20,6746-2123,-36.3977777777778,-67.1402777777778,-0.07,0.0,False,2023
2023-05-21,6746-2123,-36.3977777777778,-67.1402777777778,-0.07,0.2,False,2023
2023-05-22,6746-2123,-36.3977777777778,-67.1402777777778,-0.07,2.7,False,2023
2023-05-23,6746-2123,-36.3977777777778,-67.1402777777778,-0.07,0.0,False,2023
2023-05-24,6746-2123,-36.3977777777778,-67.1402777777778,-0.07,0.0,False,2023
2023-05-25,6746-2123,-36.3977777777778,-67.1402777777778,-0.07,0.4,False,2023
2023-05-26,6746-2123,-36.3977777777778,-67.1402777777778,-0.07,0.0,False,2023
2023-05-27,6746-2123,-36.3977777777778,-67.1402777777778,-0.07,0.0,False,2023
2023-05-28,6746-2123,-36.3977777777778,-67.1402777777778,-0.07,0.0,False,2023
2023-05-29,6746-2123,-36.3977777777778,-67.1402777777778,-0.07,0.0,False,2023
2023-05-30,6746-2123,-36.3977777777778,-67.1402777777778,-0.07,0.0,False,2023
2023-05-31,6746-2123,-36.3977777777778,-67.1402777777778,-0.07,0.1,False,2023
2023-06-01,6746-2123,-36.3977777777778,-67.1402777777778,-0.07,0.0,False,2023
2023-06-02,6746-2123,-36.3977777777778,-67.1402777777778,-0.07,0.5,False,2023
2023-06-03,6746-2123,-36.3977777777778,-67.1402777777778,-0.07,0.0,False,2023
2023-06-04,6746-2123,-36.3977777777778,-67.1402777777778,-0.07,0.0,False,2023
2023-06-05,6746-2123,-36.3977777777778,-67.1402777777778,-0.07,0.0,False,2023
2023-06-06,6746-2123,-36.3977777777778,-67.1402777777778,-0.07,0.0,False,2023
2023-06-07,6746-2123,-36.3977777777778,-67.1402777777778,-0.08,0.0,False,2023
2023-06-08,6746-2123,-36.3977777777778,-67.1402777777778,-0.08,0.0,False,2023
2023-06-09,6746-2123,-36.3977777777778,-67.1402777777778,-0.07,0.1,False,2023
2023-06-10,6746-2123,-36.3977777777778,-67.1402777777778,-0.07,0.0,False,2023
2023-06-11,6746-2123,-36.3977777777778,-67.1402777777778,-0.08,0.0,False,2023
2023-06-12,6746-2123,-36.3977777777778,-67.1402777777778,-0.08,0.0,False,2023
2023-06-13,6746-2123,-36.3977777777778,-67.1402777777778,-0.08,0.0,False,2023
2023-06-14,6746-2123,-36.3977777777778,-67.1402777777778,-0.08,0.1,False,2023
2023-06-15,6746-2123,-36.3977777777778,-67.1402777777778,-0.08,0.0,False,2023
2023-06-16,6746-2123,-36.3977777777778,-67.1402777777778,-0.08,0.1,False,2023
2023-06-17,6746-2123,-36.3977777777778,-67.1402777777778,-0.08,0.0,False,2023
2023-06-18,6746-2123,-36.3977777777778,-67.1402777777778,-0.08,0.0,False,2023
2023-06-19,6746-2123,-36.3977777777778,-67.1402777777778,-0.08,4.8,False,2023
2023-06-20,6746-2123,-36.3977777777778,-67.1402777777778,-0.08,0.0,False,2023
2023-06-21,6746-2123,-36.3977777777778,-67.1402777777778,-0.08,0.0,False,2023
2023-06-22,6746-2123,-36.3977777777778,-67.1402777777778,-0.08,2.0,False,2023
2023-06-23,6746-2123,-36.3977777777778,-67.1402777777778,-0.08,9.9,False,2023
2023-06-24,6746-2123,-36.3977777777778,-67.1402777777778,-0.08,9.6,False,2023
2023-06-25,6746-2123,-36.3977777777778,-67.1402777777778,-0.08,4.0,False,2023
2023-06-26,6746-2123,-36.3977777777778,-67.1402777777778,-0.08,0.0,False,2023
2023-06-27,6746-2123,-36.3977777777778,-67.1402777777778,-0.08,0.0,False,2023
2023-06-28,6746-2123,-36.3977777777778,-67.1402777777778,-0.08,0.0,False,2023
2023-06-29,6746-2123,-36.3977777777778,-67.1402777777778,-0.08,0.0,False,2023
2023-06-30,6746-2123,-36.3977777777778,-67.1402777777778,-0.08,0.0,False,2023
2023-07-01,6746-2123,-36.3977777777778,-67.1402777777778,-0.08,0.0,False,2023
2023-07-02,6746-2123,-36.3977777777778,-67.1402777777778,-0.08,0.0,False,2023
2023-07-03,6746-2123,-36.3977777777778,-67.1402777777778,-0.08,0.0,False,2023
2023-07-04,6746-2123,-36.3977777777778,-67.1402777777778,-0.08,0.0,False,2023
2023-07-05,6746-2123,-36.3977777777778,-67.1402777777778,-0.08,0.0,False,2023
2023-07-06,6746-2123,-36.3977777777778,-67.1402777777778,-0.08,0.0,False,2023
2023-07-07,6746-2123,-36.3977777777778,-67.1402777777778,-0.08,0.0,False,2023
2023-07-08,6746-2123,-36.3977777777778,-67.1402777777778,-0.08,1.7,False,2023
2023-07-09,6746-2123,-36.3977777777778,-67.1402777777778,-0.08,0.0,False,2023
2023-07-10,6746-2123,-36.3977777777778,-67.1402777777778,-0.08,0.0,False,2023
2023-07-11,6746-2123,-36.3977777777778,-67.1402777777778,-0.08,3.5,False,2023
2023-07-12,6746-2123,-36.3977777777778,-67.1402777777778,-0.08,3.3,False,2023
2023-07-13,6746-2123,-36.3977777777778,-67.1402777777778,-0.08,0.0,False,2023
2023-07-14,6746-2123,-36.3977777777778,-67.1402777777778,-0.09,0.0,False,2023
2023-07-15,6746-2123,-36.3977777777778,-67.1402777777778,-0.08,0.0,False,2023
2023-07-16,6746-2123,-36.3977777777778,-67.1402777777778,-0.08,0.0,False,2023
2023-07-17,6746-2123,-36.3977777777778,-67.1402777777778,-0.08,0.9,False,2023
2023-07-18,6746-2123,-36.3977777777778,-67.1402777777778,-0.09,0.0,False,2023
2023-07-19,6746-2123,-36.3977777777778,-67.1402777777778,-0.08,0.0,False,2023
2023-07-20,6746-2123,-36.3977777777778,-67.1402777777778,-0.08,0.0,False,2023
2023-07-21,6746-2123,-36.3977777777778,-67.1402777777778,-0.09,0.0,False,2023
2023-07-22,6746-2123,-36.3977777777778,-67.1402777777778,-0.09,0.9,False,2023
2023-07-23,6746-2123,-36.3977777777778,-67.1402777777778,-0.09,0.0,False,2023
2023-07-24,6746-2123,-36.3977777777778,-67.1402777777778,-0.09,0.0,False,2023
2023-07-25,6746-2123,-36.3977777777778,-67.1402777777778,-0.08,0.0,False,2023
2023-07-26,6746-2123,-36.3977777777778,-67.1402777777778,-0.08,0.0,False,2023
2023-07-27,6746-2123,-36.3977777777778,-67.1402777777778,-0.08,0.8,False,2023
2023-07-28,6746-2123,-36.3977777777778,-67.1402777777778,-0.08,0.0,False,2023
2023-07-29,6746-2123,-36.3977777777778,-67.1402777777778,-0.08,0.0,False,2023
2023-07-30,6746-2123,-36.3977777777778,-67.1402777777778,-0.08,0.0,False,2023
2023-07-31,6746-2123,-36.3977777777778,-67.1402777777778,-0.08,0.0,False,2023
2023-08-01,6746-2123,-36.3977777777778,-67.1402777777778,-0.08,0.0,False,2023
2023-08-02,6746-2123,-36.3977777777778,-67.1402777777778,-0.08,0.0,False,2023
2023-08-03,6746-2123,-36.3977777777778,-67.1402777777778,-0.08,0.0,False,2023
2023-08-04,6746-2123,-36.3977777777778,-67.1402777777778,-0.08,0.0,False,2023
2023-08-05,6746-2123,-36.3977777777778,-67.1402777777778,-0.08,0.0,False,2023
2023-08-06,6746-2123,-36.3977777777778,-67.1402777777778,-0.08,0.0,False,2023
2023-08-07,6746-2123,-36.3977777777778,-67.1402777777778,-0.08,0.0,False,2023
2023-08-08,6746-2123,-36.3977777777778,-67.1402777777778,-0.08,0.0,False,2023
2023-08-09,6746-2123,-36.3977777777778,-67.1402777777778,-0.08,0.0,False,2023
2023-08-10,6746-2123,-36.3977777777778,-67.1402777777778,-0.08,0.1,False,2023
2023-08-11,6746-2123,-36.3977777777778,-67.1402777777778,-0.08,0.0,False,2023
2023-08-12,6746-2123,-36.3977777777778,-67.1402777777778,-0.08,0.0,False,2023
2023-08-13,6746-2123,-36.3977777777778,-67.1402777777778,-0.08,0.0,False,2023
2023-08-14,6746-2123,-36.3977777777778,-67.1402777777778,-0.08,0.0,False,2023
2023-08-15,6746-2123,-36.3977777777778,-67.1402777777778,-0.08,0.0,False,2023
2023-08-16,6746-2123,-36.3977777777778,-67.1402777777778,-0.07,0.0,False,2023
2023-08-17,6746-2123,-36.3977777777778,-67.1402777777778,-0.08,2.8,False,2023
2023-08-18,6746-2123,-36.3977777777778,-67.1402777777778,-0.08,0.1,False,2023
2023-08-19,6746-2123,-36.3977777777778,-67.1402777777778,-0.08,22.5,False,2023
2023-08-20,6746-2123,-36.3977777777778,-67.1402777777778,-0.08,8.9,False,2023
2023-08-21,6746-2123,-36.3977777777778,-67.1402777777778,-0.08,7.1,False,2023
2023-08-22,6746-2123,-36.3977777777778,-67.1402777777778,-0.08,20.9,False,2023
2023-08-23,6746-2123,-36.3977777777778,-67.1402777777778,-0.08,0.0,False,2023
2023-08-24,6746-2123,-36.3977777777778,-67.1402777777778,-0.08,0.1,False,2023
2023-08-25,6746-2123,-36.3977777777778,-67.1402777777778,-0.08,0.0,False,2023
2023-08-26,6746-2123,-36.3977777777778,-67.1402777777778,-0.08,0.0,False,2023
2023-08-27,6746-2123,-36.3977777777778,-67.1402777777778,-0.08,0.0,False,2023
2023-08-28,6746-2123,-36.3977777777778,-67.1402777777778,-0.08,0.3,False,2023
2023-08-29,6746-2123,-36.3977777777778,-67.1402777777778,-0.08,0.0,False,2023
2023-08-30,6746-2123,-36.3977777777778,-67.1402777777778,-0.08,0.0,False,2023
2023-08-31,6746-2123,-36.3977777777778,-67.1402777777778,-0.08,0.0,False,2023
2023-09-01,6746-2123,-36.3977777777778,-67.1402777777778,-0.08,0.0,False,2023
2023-09-02,6746-2123,-36.3977777777778,-67.1402777777778,-0.08,0.2,False,2023
2023-09-03,6746-2123,-36.3977777777778,-67.1402777777778,-0.08,0.0,False,2023
2023-09-04,6746-2123,-36.3977777777778,-67.1402777777778,-0.08,2.6,False,2023
2023-09-05,6746-2123,-36.3977777777778,-67.1402777777778,-0.08,0.0,False,2023
2023-09-06,6746-2123,-36.3977777777778,-67.1402777777778,-0.08,5.9,False,2023
2023-09-07,6746-2123,-36.3977777777778,-67.1402777777778,-0.08,8.7,False,2023
2023-09-08,6746-2123,-36.3977777777778,-67.1402777777778,-0.08,1.2,False,2023
2023-09-09,6746-2123,-36.3977777777778,-67.1402777777778,-0.08,0.0,False,2023
2023-09-10,6746-2123,-36.3977777777778,-67.1402777777778,-0.08,2.7,False,2023
2023-09-11,6746-2123,-36.3977777777778,-67.1402777777778,-0.08,5.0,False,2023
2023-09-12,6746-2123,-36.3977777777778,-67.1402777777778,-0.08,0.0,False,2023
2023-09-13,6746-2123,-36.3977777777778,-67.1402777777778,-0.08,0.0,False,2023
2023-09-14,6746-2123,-36.3977777777778,-67.1402777777778,-0.08,0.5,False,2023
2023-09-15,6746-2123,-36.3977777777778,-67.1402777777778,-0.08,0.0,False,2023
2023-09-16,6746-2123,-36.3977777777778,-67.1402777777778,-0.08,0.0,False,2023
2023-09-17,6746-2123,-36.3977777777778,-67.1402777777778,-0.07,0.1,False,2023
2023-09-18,6746-2123,-36.3977777777778,-67.1402777777778,-0.08,0.0,False,2023
2023-09-19,6746-2123,-36.3977777777778,-67.1402777777778,-0.08,0.0,False,2023
2023-09-20,6746-2123,-36.3977777777778,-67.1402777777778,-0.08,0.0,False,2023
2023-09-21,6746-2123,-36.3977777777778,-67.1402777777778,-0.08,0.0,False,2023
2023-09-22,6746-2123,-36.3977777777778,-67.1402777777778,-0.08,1.1,False,2023
2023-09-23,6746-2123,-36.3977777777778,-67.1402777777778,-0.08,1.8,False,2023
2023-09-24,6746-2123,-36.3977777777778,-67.1402777777778,-0.08,0.1,False,2023
2023-09-25,6746-2123,-36.3977777777778,-67.1402777777778,-0.07,0.0,False,2023
2023-09-26,6746-2123,-36.3977777777778,-67.1402777777778,-0.08,0.0,False,2023
2023-09-27,6746-2123,-36.3977777777778,-67.1402777777778,-0.07,0.0,False,2023
2023-09-28,6746-2123,-36.3977777777778,-67.1402777777778,-0.07,0.0,False,2023
2023-09-29,6746-2123,-36.3977777777778,-67.1402777777778,-0.07,0.0,False,2023
2023-09-30,6746-2123,-36.3977777777778,-67.1402777777778,-0.07,0.0,False,2023
2023-10-01,6746-2123,-36.3977777777778,-67.1402777777778,-0.07,0.0,False,2023
2023-10-02,6746-2123,-36.3977777777778,-67.1402777777778,-0.07,0.0,False,2023
2023-10-03,6746-2123,-36.3977777777778,-67.1402777777778,-0.07,1.4,False,2023
2023-10-04,6746-2123,-36.3977777777778,-67.1402777777778,-0.07,0.0,False,2023
2023-10-05,6746-2123,-36.3977777777778,-67.1402777777778,-0.07,0.0,False,2023
2023-10-06,6746-2123,-36.3977777777778,-67.1402777777778,-0.07,0.0,False,2023
2023-10-07,6746-2123,-36.3977777777778,-67.1402777777778,-0.07,0.0,False,2023
2023-10-08,6746-2123,-36.3977777777778,-67.1402777777778,-0.07,0.0,False,2023
2023-10-09,6746-2123,-36.3977777777778,-67.1402777777778,-0.07,0.0,False,2023
2023-10-10,6746-2123,-36.3977777777778,-67.1402777777778,-0.07,0.0,False,2023
2023-10-11,6746-2123,-36.3977777777778,-67.1402777777778,-0.07,0.0,False,2023
2023-10-12,6746-2123,-36.3977777777778,-67.1402777777778,-0.07,0.0,False,2023
2023-10-13,6746-2123,-36.3977777777778,-67.1402777777778,-0.07,0.0,False,2023
2023-10-14,6746-2123,-36.3977777777778,-67.1402777777778,-0.07,0.0,False,2023
2023-10-15,6746-2123,-36.3977777777778,-67.1402777777778,-0.07,0.0,False,2023
2023-10-16,6746-2123,-36.3977777777778,-67.1402777777778,-0.07,0.0,False,2023
2023-10-17,6746-2123,-36.3977777777778,-67.1402777777778,-0.07,0.0,False,2023
2023-10-18,6746-2123,-36.3977777777778,-67.1402777777778,-0.07,6.0,False,2023
2023-10-19,6746-2123,-36.3977777777778,-67.1402777777778,-0.07,0.0,False,2023
2023-10-20,6746-2123,-36.3977777777778,-67.1402777777778,-0.07,1.4,False,2023
2023-10-21,6746-2123,-36.3977777777778,-67.1402777777778,-0.07,14.7,False,2023
2023-10-22,6746-2123,-36.3977777777778,-67.1402777777778,-0.07,0.3,False,2023
2023-10-23,6746-2123,-36.3977777777778,-67.1402777777778,-0.07,2.0,False,2023
2023-10-24,6746-2123,-36.3977777777778,-67.1402777777778,-0.07,1.0,False,2023
2023-10-25,6746-2123,-36.3977777777778,-67.1402777777778,-0.07,0.0,False,2023
2023-10-26,6746-2123,-36.3977777777778,-67.1402777777778,-0.07,0.0,False,2023
2023-10-27,6746-2123,-36.3977777777778,-67.1402777777778,-0.07,0.2,False,2023
2023-10-28,6746-2123,-36.3977777777778,-67.1402777777778,-0.07,0.0,False,2023
2023-10-29,6746-2123,-36.3977777777778,-67.1402777777778,-0.07,0.2,False,2023
2023-10-30,6746-2123,-36.3977777777778,-67.1402777777778,-0.07,0.0,False,2023
2023-10-31,6746-2123,-36.3977777777778,-67.1402777777778,-0.07,0.0,False,2023
2023-11-01,6746-2123,-36.3977777777778,-67.1402777777778,-0.07,15.1,False,2023
2023-11-02,6746-2123,-36.3977777777778,-67.1402777777778,-0.07,2.7,False,2023
2023-11-03,6746-2123,-36.3977777777778,-67.1402777777778,-0.07,0.0,False,2023
2023-11-04,6746-2123,-36.3977777777778,-67.1402777777778,-0.07,0.0,False,2023
2023-11-05,6746-2123,-36.3977777777778,-67.1402777777778,-0.07,0.0,False,2023
2023-11-06,6746-2123,-36.3977777777778,-67.1402777777778,-0.07,0.0,False,2023
2023-11-07,6746-2123,-36.3977777777778,-67.1402777777778,-0.07,0.0,False,2023
2023-11-08,6746-2123,-36.3977777777778,-67.1402777777778,-0.07,0.0,False,2023
2023-11-09,6746-2123,-36.3977777777778,-67.1402777777778,-0.07,0.0,False,2023
2023-11-10,6746-2123,-36.3977777777778,-67.1402777777778,-0.07,5.7,False,2023
2023-11-11,6746-2123,-36.3977777777778,-67.1402777777778,-0.07,0.0,False,2023
2023-11-12,6746-2123,-36.3977777777778,-67.1402777777778,-0.07,0.7,False,2023
2023-11-13,6746-2123,-36.3977777777778,-67.1402777777778,-0.07,0.0,False,2023
2023-11-14,6746-2123,-36.3977777777778,-67.1402777777778,-0.07,0.0,False,2023
2023-11-15,6746-2123,-36.3977777777778,-67.1402777777778,-0.07,0.0,False,2023
2023-11-16,6746-2123,-36.3977777777778,-67.1402777777778,-0.07,0.0,False,2023
2023-11-17,6746-2123,-36.3977777777778,-67.1402777777778,-0.07,0.0,False,2023
2023-11-18,6746-2123,-36.3977777777778,-67.1402777777778,-0.07,0.0,False,2023
2023-11-19,6746-2123,-36.3977777777778,-67.1402777777778,-0.07,0.0,False,2023
2023-11-20,6746-2123,-36.3977777777778,-67.1402777777778,-0.07,0.0,False,2023
2023-11-21,6746-2123,-36.3977777777778,-67.1402777777778,-0.07,0.0,False,2023
2023-11-22,6746-2123,-36.3977777777778,-67.1402777777778,-0.07,0.0,False,2023
2023-11-23,6746-2123,-36.3977777777778,-67.1402777777778,-0.07,0.0,False,2023
2023-11-24,6746-2123,-36.3977777777778,-67.1402777777778,-0.07,0.7,False,2023
2023-11-25,6746-2123,-36.3977777777778,-67.1402777777778,-0.07,0.0,False,2023
2023-11-26,6746-2123,-36.3977777777778,-67.1402777777778,-0.07,0.0,False,2023
2023-11-27,6746-2123,-36.3977777777778,-67.1402777777778,-0.07,0.4,False,2023
2023-11-28,6746-2123,-36.3977777777778,-67.1402777777778,-0.06,0.0,False,2023
2023-11-29,6746-2123,-36.3977777777778,-67.1402777777778,-0.06,0.0,False,2023
2023-11-30,6746-2123,-36.3977777777778,-67.1402777777778,-0.06,0.1,False,2023
2023-12-01,6746-2123,-36.3977777777778,-67.1402777777778,-0.06,2.5,False,2023
2023-12-02,6746-2123,-36.3977777777778,-67.1402777777778,-0.06,0.0,False,2023
2023-12-03,6746-2123,-36.3977777777778,-67.1402777777778,-0.06,0.0,False,2023
2023-12-04,6746-2123,-36.3977777777778,-67.1402777777778,-0.06,0.0,False,2023
2023-12-05,6746-2123,-36.3977777777778,-67.1402777777778,-0.06,8.7,False,2023
2023-12-06,6746-2123,-36.3977777777778,-67.1402777777778,-0.06,0.0,False,2023
2023-12-07,6746-2123,-36.3977777777778,-67.1402777777778,-0.07,0.0,False,2023
2023-12-08,6746-2123,-36.3977777777778,-67.1402777777778,-0.07,0.4,False,2023
2023-12-09,6746-2123,-36.3977777777778,-67.1402777777778,-0.07,2.4,False,2023
2023-12-10,6746-2123,-36.3977777777778,-67.1402777777778,-0.07,0.0,False,2023
2023-12-11,6746-2123,-36.3977777777778,-67.1402777777778,-0.06,0.0,False,2023
2023-12-12,6746-2123,-36.3977777777778,-67.1402777777778,-0.06,0.0,False,2023
2023-12-13,6746-2123,-36.3977777777778,-67.1402777777778,-0.06,0.0,False,2023
2023-12-14,6746-2123,-36.3977777777778,-67.1402777777778,-0.06,3.2,False,2023
2023-12-15,6746-2123,-36.3977777777778,-67.1402777777778,-0.06,0.0,False,2023
2023-12-16,6746-2123,-36.3977777777778,-67.1402777777778,-0.06,5.8,False,2023
2023-12-17,6746-2123,-36.3977777777778,-67.1402777777778,-0.06,0.0,False,2023
2023-12-18,6746-2123,-36.3977777777778,-67.1402777777778,-0.06,0.0,False,2023
2023-12-19,6746-2123,-36.3977777777778,-67.1402777777778,-0.06,0.5,False,2023
2023-12-20,6746-2123,-36.3977777777778,-67.1402777777778,-0.07,0.5,False,2023
2023-12-21,6746-2123,-36.3977777777778,-67.1402777777778,-0.07,0.9,False,2023
2023-12-22,6746-2123,-36.3977777777778,-67.1402777777778,-0.07,4.9,False,2023
2023-12-23,6746-2123,-36.3977777777778,-67.1402777777778,-0.07,0.0,False,2023
2023-12-24,6746-2123,-36.3977777777778,-67.1402777777778,-0.07,0.0,False,2023
2023-12-25,6746-2123,-36.3977777777778,-67.1402777777778,-0.06,0.0,False,2023
2023-12-26,6746-2123,-36.3977777777778,-67.1402777777778,-0.06,0.0,False,2023
2023-12-27,6746-2123,-36.3977777777778,-67.1402777777778,-0.06,0.5,False,2023
2023-12-28,6746-2123,-36.3977777777778,-67.1402777777778,-0.06,0.0,False,2023
2023-12-29,6746-2123,-36.3977777777778,-67.1402777777778,-0.06,0.0,False,2023
2023-12-30,6746-2123,-36.3977777777778,-67.1402777777778,-0.06,0.0,False,2023
2023-12-31,6746-2123,-36.3977777777778,-67.1402777777778,-0.06,5.0,False,2023
2024-01-01,6746-2123,-36.3977777777778,-67.1402777777778,-0.06,0.0,False,2024
2024-01-02,6746-2123,-36.3977777777778,-67.1402777777778,-0.06,0.3,False,2024
2024-01-03,6746-2123,-36.3977777777778,-67.1402777777778,-0.06,1.8,False,2024
2024-01-04,6746-2123,-36.3977777777778,-67.1402777777778,-0.06,0.0,False,2024
2024-01-05,6746-2123,-36.3977777777778,-67.1402777777778,-0.06,0.0,False,2024
2024-01-06,6746-2123,-36.3977777777778,-67.1402777777778,-0.06,0.0,False,2024
2024-01-07,6746-2123,-36.3977777777778,-67.1402777777778,-0.06,0.0,False,2024
2024-01-08,6746-2123,-36.3977777777778,-67.1402777777778,-0.06,0.0,False,2024
2024-01-09,6746-2123,-36.3977777777778,-67.1402777777778,-0.06,0.0,False,2024
2024-01-10,6746-2123,-36.3977777777778,-67.1402777777778,-0.06,0.0,False,2024
2024-01-11,6746-2123,-36.3977777777778,-67.1402777777778,-0.06,0.0,False,2024
2024-01-12,6746-2123,-36.3977777777778,-67.1402777777778,-0.06,3.9,False,2024
2024-01-13,6746-2123,-36.3977777777778,-67.1402777777778,-0.06,0.0,False,2024
2024-01-14,6746-2123,-36.3977777777778,-67.1402777777778,-0.06,0.0,False,2024
2024-01-15,6746-2123,-36.3977777777778,-67.1402777777778,-0.06,0.0,False,2024
2024-01-16,6746-2123,-36.3977777777778,-67.1402777777778,-0.06,0.0,False,2024
2024-01-17,6746-2123,-36.3977777777778,-67.1402777777778,-0.06,0.0,False,2024
2024-01-18,6746-2123,-36.3977777777778,-67.1402777777778,-0.06,0.0,False,2024
2024-01-19,6746-2123,-36.3977777777778,-67.1402777777778,-0.06,0.0,False,2024
2024-01-20,6746-2123,-36.3977777777778,-67.1402777777778,-0.06,0.0,False,2024
2024-01-21,6746-2123,-36.3977777777778,-67.1402777777778,-0.06,0.0,False,2024
2024-01-22,6746-2123,-36.3977777777778,-67.1402777777778,-0.06,0.0,False,2024
2024-01-23,6746-2123,-36.3977777777778,-67.1402777777778,-0.06,0.0,False,2024
2024-01-24,6746-2123,-36.3977777777778,-67.1402777777778,-0.06,0.0,False,2024
2024-01-25,6746-2123,-36.3977777777778,-67.1402777777778,-0.06,0.0,False,2024
2024-01-26,6746-2123,-36.3977777777778,-67.1402777777778,-0.06,0.0,False,2024
2024-01-27,6746-2123,-36.3977777777778,-67.1402777777778,-0.06,0.0,False,2024
2024-01-28,6746-2123,-36.3977777777778,-67.1402777777778,-0.06,0.2,False,2024
2024-01-29,6746-2123,-36.3977777777778,-67.1402777777778,-0.06,0.0,False,2024
2024-01-30,6746-2123,-36.3977777777778,-67.1402777777778,-0.06,0.1,False,2024
2024-01-31,6746-2123,-36.3977777777778,-67.1402777777778,-0.06,0.0,False,2024
2024-02-01,6746-2123,-36.3977777777778,-67.1402777777778,-0.06,0.0,False,2024
2024-02-02,6746-2123,-36.3977777777778,-67.1402777777778,-0.06,0.0,False,2024
2024-02-03,6746-2123,-36.3977777777778,-67.1402777777778,-0.06,0.0,False,2024
2024-02-04,6746-2123,-36.3977777777778,-67.1402777777778,-0.06,0.0,False,2024
2024-02-05,6746-2123,-36.3977777777778,-67.1402777777778,-0.06,0.0,False,2024
2024-02-06,6746-2123,-36.3977777777778,-67.1402777777778,-0.06,0.0,False,2024
2024-02-07,6746-2123,-36.3977777777778,-67.1402777777778,-0.06,0.0,False,2024
2024-02-08,6746-2123,-36.3977777777778,-67.1402777777778,-0.06,0.6,False,2024
2024-02-09,6746-2123,-36.3977777777778,-67.1402777777778,-0.06,9.7,False,2024
2024-02-10,6746-2123,-36.3977777777778,-67.1402777777778,-0.06,0.1,False,2024
2024-02-11,6746-2123,-36.3977777777778,-67.1402777777778,-0.06,7.7,False,2024
2024-02-12,6746-2123,-36.3977777777778,-67.1402777777778,-0.06,0.0,False,2024
2024-02-13,6746-2123,-36.3977777777778,-67.1402777777778,-0.06,0.0,False,2024
2024-02-14,6746-2123,-36.3977777777778,-67.1402777777778,-0.06,0.0,False,2024
2024-02-15,6746-2123,-36.3977777777778,-67.1402777777778,-0.06,0.0,False,2024
2024-02-16,6746-2123,-36.3977777777778,-67.1402777777778,-0.06,0.0,False,2024
2024-02-17,6746-2123,-36.3977777777778,-67.1402777777778,-0.06,0.0,False,2024
2024-02-18,6746-2123,-36.3977777777778,-67.1402777777778,-0.06,0.0,False,2024
2024-02-19,6746-2123,-36.3977777777778,-67.1402777777778,-0.06,0.0,False,2024
2024-02-20,6746-2123,-36.3977777777778,-67.1402777777778,-0.06,1.6,False,2024
2024-02-21,6746-2123,-36.3977777777778,-67.1402777777778,-0.06,0.1,False,2024
2024-02-22,6746-2123,-36.3977777777778,-67.1402777777778,-0.06,7.5,False,2024
2024-02-23,6746-2123,-36.3977777777778,-67.1402777777778,-0.06,0.0,False,2024
2024-02-24,6746-2123,-36.3977777777778,-67.1402777777778,-0.06,0.0,False,2024
2024-02-25,6746-2123,-36.3977777777778,-67.1402777777778,-0.06,0.3,False,2024
2024-02-26,6746-2123,-36.3977777777778,-67.1402777777778,-0.06,0.0,False,2024
2024-02-27,6746-2123,-36.3977777777778,-67.1402777777778,-0.06,0.0,False,2024
2024-02-28,6746-2123,-36.3977777777778,-67.1402777777778,-0.06,0.0,False,2024
2024-02-29,6746-2123,-36.3977777777778,-67.1402777777778,-0.06,1.7,False,2024
2024-03-01,6746-2123,-36.3977777777778,-67.1402777777778,-0.06,0.0,False,2024
2024-03-02,6746-2123,-36.3977777777778,-67.1402777777778,-0.06,0.0,False,2024
2024-03-03,6746-2123,-36.3977777777778,-67.1402777777778,-0.06,0.0,False,2024
2024-03-04,6746-2123,-36.3977777777778,-67.1402777777778,-0.06,0.0,False,2024
2024-03-05,6746-2123,-36.3977777777778,-67.1402777777778,-0.06,0.0,False,2024
2024-03-06,6746-2123,-36.3977777777778,-67.1402777777778,-0.06,0.0,False,2024
2024-03-07,6746-2123,-36.3977777777778,-67.1402777777778,-0.04,0.0,False,2024
2024-03-08,6746-2123,-36.3977777777778,-67.1402777777778,-0.06,3.1,False,2024
2024-03-09,6746-2123,-36.3977777777778,-67.1402777777778,-0.06,0.0,False,2024
2024-03-10,6746-2123,-36.3977777777778,-67.1402777777778,-0.06,0.0,False,2024
2024-03-11,6746-2123,-36.3977777777778,-67.1402777777778,-0.06,0.0,False,2024
2024-03-12,6746-2123,-36.3977777777778,-67.1402777777778,-0.06,0.0,False,2024
2024-03-13,6746-2123,-36.3977777777778,-67.1402777777778,-0.06,0.0,False,2024
2024-03-14,6746-2123,-36.3977777777778,-67.1402777777778,-0.06,0.0,False,2024
2024-03-15,6746-2123,-36.3977777777778,-67.1402777777778,-0.06,0.0,False,2024
2024-03-16,6746-2123,-36.3977777777778,-67.1402777777778,-0.06,0.0,False,2024
2024-03-17,6746-2123,-36.3977777777778,-67.1402777777778,-0.06,0.0,False,2024
2024-03-18,6746-2123,-36.3977777777778,-67.1402777777778,-0.06,0.0,False,2024
2024-03-19,6746-2123,-36.3977777777778,-67.1402777777778,-0.06,0.0,False,2024
2024-03-20,6746-2123,-36.3977777777778,-67.1402777777778,-0.06,0.0,False,2024
2024-03-21,6746-2123,-36.3977777777778,-67.1402777777778,-0.06,0.0,False,2024
2024-03-22,6746-2123,-36.3977777777778,-67.1402777777778,-0.06,0.0,False,2024
2024-03-23,6746-2123,-36.3977777777778,-67.1402777777778,-0.06,0.0,False,2024
2024-03-24,6746-2123,-36.3977777777778,-67.1402777777778,-0.06,0.0,False,2024
2024-03-25,6746-2123,-36.3977777777778,-67.1402777777778,-0.06,0.0,False,2024
2024-03-26,6746-2123,-36.3977777777778,-67.1402777777778,-0.06,0.0,False,2024
2024-03-27,6746-2123,-36.3977777777778,-67.1402777777778,-0.06,0.0,False,2024
2024-03-28,6746-2123,-36.3977777777778,-67.1402777777778,-0.06,0.0,False,2024
2024-03-29,6746-2123,-36.3977777777778,-67.1402777777778,-0.06,0.0,False,2024
2024-03-30,6746-2123,-36.3977777777778,-67.1402777777778,-0.06,0.0,False,2024
2024-03-31,6746-2123,-36.3977777777778,-67.1402777777778,-0.06,2.1,False,2024
2024-04-01,6746-2123,-36.3977777777778,-67.1402777777778,-0.06,1.5,False,2024
2024-04-02,6746-2123,-36.3977777777778,-67.1402777777778,-0.06,0.0,False,2024
2024-04-03,6746-2123,-36.3977777777778,-67.1402777777778,-0.06,0.0,False,2024
2024-04-04,6746-2123,-36.3977777777778,-67.1402777777778,-0.06,0.0,False,2024
2024-04-05,6746-2123,-36.3977777777778,-67.1402777777778,-0.06,0.0,False,2024
2024-04-06,6746-2123,-36.3977777777778,-67.1402777777778,-0.06,0.0,False,2024
2024-04-07,6746-2123,-36.3977777777778,-67.1402777777778,-0.06,0.0,False,2024
2024-04-08,6746-2123,-36.3977777777778,-67.1402777777778,-0.06,0.0,False,2024
2024-04-09,6746-2123,-36.3977777777778,-67.1402777777778,-0.06,0.0,False,2024
2024-04-10,6746-2123,-36.3977777777778,-67.1402777777778,-0.06,2.1,False,2024
2024-04-11,6746-2123,-36.3977777777778,-67.1402777777778,-0.06,0.2,False,2024
2024-04-12,6746-2123,-36.3977777777778,-67.1402777777778,-0.06,4.3,False,2024
2024-04-13,6746-2123,-36.3977777777778,-67.1402777777778,-0.07,36.8,False,2024
2024-04-14,6746-2123,-36.3977777777778,-67.1402777777778,-0.07,22.1,False,2024
2024-04-15,6746-2123,-36.3977777777778,-67.1402777777778,-0.07,32.2,False,2024
2024-04-16,6746-2123,-36.3977777777778,-67.1402777777778,-0.07,0.0,False,2024
2024-04-17,6746-2123,-36.3977777777778,-67.1402777777778,-0.07,0.0,False,2024
2024-04-18,6746-2123,-36.3977777777778,-67.1402777777778,-0.07,0.0,False,2024
2024-04-19,6746-2123,-36.3977777777778,-67.1402777777778,-0.07,0.0,False,2024
2024-04-20,6746-2123,-36.3977777777778,-67.1402777777778,-0.07,0.0,False,2024
2024-04-21,6746-2123,-36.3977777777778,-67.1402777777778,-0.07,0.5,False,2024
2024-04-22,6746-2123,-36.3977777777778,-67.1402777777778,-0.07,1.0,False,2024
2024-04-23,6746-2123,-36.3977777777778,-67.1402777777778,-0.01,0.0,False,2024
2024-04-24,6746-2123,-36.3977777777778,-67.1402777777778,0.2,0.0,False,2024
2024-04-25,6746-2123,-36.3977777777778,-67.1402777777778,0.41,0.0,False,2024
2024-04-26,6746-2123,-36.3977777777778,-67.1402777777778,0.45,0.0,False,2024
2024-04-27,6746-2123,-36.3977777777778,-67.1402777777778,0.46,0.0,False,2024
2024-04-28,6746-2123,-36.3977777777778,-67.1402777777778,0.47,0.0,False,2024
2024-04-29,6746-2123,-36.3977777777778,-67.1402777777778,0.48,0.0,False,2024
2024-04-30,6746-2123,-36.3977777777778,-67.1402777777778,0.49,0.0,False,2024
2024-05-01,6746-2123,-36.3977777777778,-67.1402777777778,0.49,0.0,False,2024
2024-05-02,6746-2123,-36.3977777777778,-67.1402777777778,0.5,0.0,False,2024
2024-05-03,6746-2123,-36.3977777777778,-67.1402777777778,0.52,0.0,False,2024
2024-05-04,6746-2123,-36.3977777777778,-67.1402777777778,0.53,0.0,False,2024
2024-05-05,6746-2123,-36.3977777777778,-67.1402777777778,0.54,0.0,False,2024
2024-05-06,6746-2123,-36.3977777777778,-67.1402777777778,0.52,0.0,False,2024
2024-05-07,6746-2123,-36.3977777777778,-67.1402777777778,0.52,6.1,False,2024
2024-05-08,6746-2123,-36.3977777777778,-67.1402777777778,0.51,0.0,False,2024
2024-05-09,6746-2123,-36.3977777777778,-67.1402777777778,0.5,0.0,False,2024
2024-05-10,6746-2123,-36.3977777777778,-67.1402777777778,0.49,0.0,False,2024
2024-05-11,6746-2123,-36.3977777777778,-67.1402777777778,0.47,0.0,False,2024
2024-05-12,6746-2123,-36.3977777777778,-67.1402777777778,0.47,4.5,False,2024
2024-05-13,6746-2123,-36.3977777777778,-67.1402777777778,0.49,0.3,False,2024
2024-05-14,6746-2123,-36.3977777777778,-67.1402777777778,0.52,0.0,False,2024
2024-05-15,6746-2123,-36.3977777777778,-67.1402777777778,0.53,0.9,False,2024
2024-05-16,6746-2123,-36.3977777777778,-67.1402777777778,0.54,0.7,False,2024
2024-05-17,6746-2123,-36.3977777777778,-67.1402777777778,0.54,0.0,False,2024
2024-05-18,6746-2123,-36.3977777777778,-67.1402777777778,0.56,0.0,False,2024
2024-05-19,6746-2123,-36.3977777777778,-67.1402777777778,0.6,0.0,False,2024
2024-05-20,6746-2123,-36.3977777777778,-67.1402777777778,0.67,0.0,False,2024
2024-05-21,6746-2123,-36.3977777777778,-67.1402777777778,0.71,0.3,False,2024
2024-05-22,6746-2123,-36.3977777777778,-67.1402777777778,0.7,3.5,False,2024
2024-05-23,6746-2123,-36.3977777777778,-67.1402777777778,0.67,3.8,False,2024
2024-05-24,6746-2123,-36.3977777777778,-67.1402777777778,0.66,0.2,False,2024
2024-05-25,6746-2123,-36.3977777777778,-67.1402777777778,0.63,0.3,False,2024
2024-05-26,6746-2123,-36.3977777777778,-67.1402777777778,0.61,0.2,False,2024
2024-05-27,6746-2123,-36.3977777777778,-67.1402777777778,0.6,0.0,False,2024
2024-05-28,6746-2123,-36.3977777777778,-67.1402777777778,0.62,0.0,False,2024
2024-05-29,6746-2123,-36.3977777777778,-67.1402777777778,0.64,0.0,False,2024
2024-05-30,6746-2123,-36.3977777777778,-67.1402777777778,0.65,0.0,False,2024
2024-05-31,6746-2123,-36.3977777777778,-67.1402777777778,0.66,0.0,False,2024
2024-06-01,6746-2123,-36.3977777777778,-67.1402777777778,0.67,0.0,False,2024
2024-06-02,6746-2123,-36.3977777777778,-67.1402777777778,0.67,0.0,False,2024
2024-06-03,6746-2123,-36.3977777777778,-67.1402777777778,0.65,0.0,False,2024
2024-06-04,6746-2123,-36.3977777777778,-67.1402777777778,0.65,0.0,False,2024
2024-06-05,6746-2123,-36.3977777777778,-67.1402777777778,0.65,0.0,False,2024
2024-06-06,6746-2123,-36.3977777777778,-67.1402777777778,0.65,0.0,False,2024
2024-06-07,6746-2123,-36.3977777777778,-67.1402777777778,0.65,0.0,False,2024
2024-06-08,6746-2123,-36.3977777777778,-67.1402777777778,0.65,0.0,False,2024
2024-06-09,6746-2123,-36.3977777777778,-67.1402777777778,0.66,0.4,False,2024
2024-06-10,6746-2123,-36.3977777777778,-67.1402777777778,0.65,0.0,False,2024
2024-06-11,6746-2123,-36.3977777777778,-67.1402777777778,0.65,0.0,False,2024
2024-06-12,6746-2123,-36.3977777777778,-67.1402777777778,0.66,0.0,False,2024
2024-06-13,6746-2123,-36.3977777777778,-67.1402777777778,0.66,0.6,False,2024
2024-06-14,6746-2123,-36.3977777777778,-67.1402777777778,0.65,0.0,False,2024
2024-06-15,6746-2123,-36.3977777777778,-67.1402777777778,0.64,0.0,False,2024
2024-06-16,6746-2123,-36.3977777777778,-67.1402777777778,0.64,0.0,False,2024
2024-06-17,6746-2123,-36.3977777777778,-67.1402777777778,0.64,0.0,False,2024
2024-06-18,6746-2123,-36.3977777777778,-67.1402777777778,0.64,8.1,False,2024
2024-06-19,6746-2123,-36.3977777777778,-67.1402777777778,0.68,0.0,False,2024
2024-06-20,6746-2123,-36.3977777777778,-67.1402777777778,0.71,0.0,False,2024
2024-06-21,6746-2123,-36.3977777777778,-67.1402777777778,0.72,1.3,False,2024
2024-06-22,6746-2123,-36.3977777777778,-67.1402777777778,0.73,0.8,False,2024
2024-06-23,6746-2123,-36.3977777777778,-67.1402777777778,0.72,0.0,False,2024
2024-06-24,6746-2123,-36.3977777777778,-67.1402777777778,0.71,0.0,False,2024
2024-06-25,6746-2123,-36.3977777777778,-67.1402777777778,0.69,0.0,False,2024
2024-06-26,6746-2123,-36.3977777777778,-67.1402777777778,0.68,0.0,False,2024
2024-06-27,6746-2123,-36.3977777777778,-67.1402777777778,0.67,0.0,False,2024
2024-06-28,6746-2123,-36.3977777777778,-67.1402777777778,0.67,0.0,False,2024
2024-06-29,6746-2123,-36.3977777777778,-67.1402777777778,0.65,0.0,False,2024
2024-06-30,6746-2123,-36.3977777777778,-67.1402777777778,0.66,0.0,False,2024
2024-07-01,6746-2123,-36.3977777777778,-67.1402777777778,0.65,0.0,False,2024
2024-07-02,6746-2123,-36.3977777777778,-67.1402777777778,0.65,0.0,False,2024
2024-07-03,6746-2123,-36.3977777777778,-67.1402777777778,0.65,0.0,False,2024
2024-07-04,6746-2123,-36.3977777777778,-67.1402777777778,0.65,0.0,False,2024
2024-07-05,6746-2123,-36.3977777777778,-67.1402777777778,0.64,0.0,False,2024
2024-07-06,6746-2123,-36.3977777777778,-67.1402777777778,0.64,0.0,False,2024
2024-07-07,6746-2123,-36.3977777777778,-67.1402777777778,0.64,0.0,False,2024
2024-07-08,6746-2123,-36.3977777777778,-67.1402777777778,0.63,0.0,False,2024
2024-07-09,6746-2123,-36.3977777777778,-67.1402777777778,0.63,0.0,False,2024
2024-07-10,6746-2123,-36.3977777777778,-67.1402777777778,0.63,0.0,False,2024
2024-07-11,6746-2123,-36.3977777777778,-67.1402777777778,0.63,0.0,False,2024
2024-07-12,6746-2123,-36.3977777777778,-67.1402777777778,0.64,0.0,False,2024
2024-07-13,6746-2123,-36.3977777777778,-67.1402777777778,0.65,0.0,False,2024
2024-07-14,6746-2123,-36.3977777777778,-67.1402777777778,0.65,0.0,False,2024
2024-07-15,6746-2123,-36.3977777777778,-67.1402777777778,0.65,0.0,False,2024
2024-07-16,6746-2123,-36.3977777777778,-67.1402777777778,0.65,0.0,False,2024
2024-07-17,6746-2123,-36.3977777777778,-67.1402777777778,0.65,0.0,False,2024
2024-07-18,6746-2123,-36.3977777777778,-67.1402777777778,0.66,0.0,False,2024
2024-07-19,6746-2123,-36.3977777777778,-67.1402777777778,0.65,0.0,False,2024
2024-07-20,6746-2123,-36.3977777777778,-67.1402777777778,0.65,0.0,False,2024
2024-07-21,6746-2123,-36.3977777777778,-67.1402777777778,0.66,0.0,False,2024
2024-07-22,6746-2123,-36.3977777777778,-67.1402777777778,0.65,0.0,False,2024
2024-07-23,6746-2123,-36.3977777777778,-67.1402777777778,0.65,0.0,False,2024
2024-07-24,6746-2123,-36.3977777777778,-67.1402777777778,0.65,0.0,False,2024
2024-07-25,6746-2123,-36.3977777777778,-67.1402777777778,0.66,0.0,False,2024
2024-07-26,6746-2123,-36.3977777777778,-67.1402777777778,0.67,0.0,False,2024
2024-07-27,6746-2123,-36.3977777777778,-67.1402777777778,0.74,0.0,False,2024
2024-07-28,6746-2123,-36.3977777777778,-67.1402777777778,0.78,0.0,False,2024
2024-07-29,6746-2123,-36.3977777777778,-67.1402777777778,0.78,0.0,False,2024
2024-07-30,6746-2123,-36.3977777777778,-67.1402777777778,0.78,0.0,False,2024
2024-07-31,6746-2123,-36.3977777777778,-67.1402777777778,0.75,0.0,False,2024
2024-08-01,6746-2123,-36.3977777777778,-67.1402777777778,0.73,0.0,False,2024
2024-08-02,6746-2123,-36.3977777777778,-67.1402777777778,0.71,0.0,False,2024
2024-08-03,6746-2123,-36.3977777777778,-67.1402777777778,0.7,0.0,False,2024
2024-08-04,6746-2123,-36.3977777777778,-67.1402777777778,0.69,0.0,False,2024
2024-08-05,6746-2123,-36.3977777777778,-67.1402777777778,0.69,0.0,False,2024
2024-08-06,6746-2123,-36.3977777777778,-67.1402777777778,0.68,1.6,False,2024
2024-08-07,6746-2123,-36.3977777777778,-67.1402777777778,0.67,0.2,False,2024
2024-08-08,6746-2123,-36.3977777777778,-67.1402777777778,0.67,0.0,False,2024
2024-08-09,6746-2123,-36.3977777777778,-67.1402777777778,0.66,0.0,False,2024
2024-08-10,6746-2123,-36.3977777777778,-67.1402777777778,0.68,0.0,False,2024
2024-08-11,6746-2123,-36.3977777777778,-67.1402777777778,0.67,0.0,False,2024
2024-08-12,6746-2123,-36.3977777777778,-67.1402777777778,0.66,0.0,False,2024
2024-08-13,6746-2123,-36.3977777777778,-67.1402777777778,0.68,0.0,False,2024
2024-08-14,6746-2123,-36.3977777777778,-67.1402777777778,0.68,0.0,False,2024
2024-08-15,6746-2123,-36.3977777777778,-67.1402777777778,0.68,0.0,False,2024
2024-08-16,6746-2123,-36.3977777777778,-67.1402777777778,0.67,0.0,False,2024
2024-08-17,6746-2123,-36.3977777777778,-67.1402777777778,0.7,0.0,False,2024
2024-08-18,6746-2123,-36.3977777777778,-67.1402777777778,0.71,0.0,False,2024
2024-08-19,6746-2123,-36.3977777777778,-67.1402777777778,0.73,10.6,False,2024
2024-08-20,6746-2123,-36.3977777777778,-67.1402777777778,0.76,9.0,False,2024
2024-08-21,6746-2123,-36.3977777777778,-67.1402777777778,0.78,1.4,False,2024
2024-08-22,6746-2123,-36.3977777777778,-67.1402777777778,0.75,0.2,False,2024
2024-08-23,6746-2123,-36.3977777777778,-67.1402777777778,0.74,5.0,False,2024
2024-08-24,6746-2123,-36.3977777777778,-67.1402777777778,0.74,0.0,False,2024
2024-08-25,6746-2123,-36.3977777777778,-67.1402777777778,0.73,0.0,False,2024
2024-08-26,6746-2123,-36.3977777777778,-67.1402777777778,0.73,0.0,False,2024
2024-08-27,6746-2123,-36.3977777777778,-67.1402777777778,0.72,0.0,False,2024
2024-08-28,6746-2123,-36.3977777777778,-67.1402777777778,0.69,0.0,False,2024
2024-08-29,6746-2123,-36.3977777777778,-67.1402777777778,0.66,0.0,False,2024
2024-08-30,6746-2123,-36.3977777777778,-67.1402777777778,0.65,0.0,False,2024
2024-08-31,6746-2123,-36.3977777777778,-67.1402777777778,0.66,0.0,False,2024
2024-09-01,6746-2123,-36.3977777777778,-67.1402777777778,0.66,0.0,False,2024
2024-09-02,6746-2123,-36.3977777777778,-67.1402777777778,0.67,0.0,False,2024
2024-09-03,6746-2123,-36.3977777777778,-67.1402777777778,0.65,0.0,False,2024
2024-09-04,6746-2123,-36.3977777777778,-67.1402777777778,0.63,0.0,False,2024
2024-09-05,6746-2123,-36.3977777777778,-67.1402777777778,0.62,0.0,False,2024
2024-09-06,6746-2123,-36.3977777777778,-67.1402777777778,0.63,0.1,False,2024
2024-09-07,6746-2123,-36.3977777777778,-67.1402777777778,0.63,0.0,False,2024
2024-09-08,6746-2123,-36.3977777777778,-67.1402777777778,0.64,0.0,False,2024
2024-09-09,6746-2123,-36.3977777777778,-67.1402777777778,0.65,0.2,False,2024
2024-09-10,6746-2123,-36.3977777777778,-67.1402777777778,0.64,0.0,False,2024
2024-09-11,6746-2123,-36.3977777777778,-67.1402777777778,0.63,0.0,False,2024
2024-09-12,6746-2123,-36.3977777777778,-67.1402777777778,0.62,0.0,False,2024
2024-09-13,6746-2123,-36.3977777777778,-67.1402777777778,0.62,0.0,False,2024
2024-09-14,6746-2123,-36.3977777777778,-67.1402777777778,0.6,0.0,False,2024
2024-09-15,6746-2123,-36.3977777777778,-67.1402777777778,0.59,0.0,False,2024
2024-09-16,6746-2123,-36.3977777777778,-67.1402777777778,0.58,0.0,False,2024
2024-09-17,6746-2123,-36.3977777777778,-67.1402777777778,0.58,0.0,False,2024
2024-09-18,6746-2123,-36.3977777777778,-67.1402777777778,0.57,0.0,False,2024
2024-09-19,6746-2123,-36.3977777777778,-67.1402777777778,0.57,1.5,False,2024
2024-09-20,6746-2123,-36.3977777777778,-67.1402777777778,0.56,0.0,False,2024
2024-09-21,6746-2123,-36.3977777777778,-67.1402777777778,0.58,0.0,False,2024
2024-09-22,6746-2123,-36.3977777777778,-67.1402777777778,0.57,0.0,False,2024
2024-09-23,6746-2123,-36.3977777777778,-67.1402777777778,0.56,0.0,False,2024
2024-09-24,6746-2123,-36.3977777777778,-67.1402777777778,0.55,0.0,False,2024
2024-09-25,6746-2123,-36.3977777777778,-67.1402777777778,0.57,0.9,False,2024
2024-09-26,6746-2123,-36.3977777777778,-67.1402777777778,0.58,0.0,False,2024
2024-09-27,6746-2123,-36.3977777777778,-67.1402777777778,0.59,0.0,False,2024
2024-09-28,6746-2123,-36.3977777777778,-67.1402777777778,0.58,0.0,False,2024
2024-09-29,6746-2123,-36.3977777777778,-67.1402777777778,0.57,0.0,False,2024
2024-09-30,6746-2123,-36.3977777777778,-67.1402777777778,0.56,0.0,False,2024
2024-10-01,6746-2123,-36.3977777777778,-67.1402777777778,0.56,0.1,False,2024
2024-10-02,6746-2123,-36.3977777777778,-67.1402777777778,0.56,0.0,False,2024
2024-10-03,6746-2123,-36.3977777777778,-67.1402777777778,0.56,0.0,False,2024
2024-10-04,6746-2123,-36.3977777777778,-67.1402777777778,0.58,0.0,False,2024
2024-10-05,6746-2123,-36.3977777777778,-67.1402777777778,0.58,0.0,False,2024
2024-10-06,6746-2123,-36.3977777777778,-67.1402777777778,0.58,0.0,False,2024
2024-10-07,6746-2123,-36.3977777777778,-67.1402777777778,0.56,0.1,False,2024
2024-10-08,6746-2123,-36.3977777777778,-67.1402777777778,0.55,2.0,False,2024
2024-10-09,6746-2123,-36.3977777777778,-67.1402777777778,0.55,0.0,False,2024
2024-10-10,6746-2123,-36.3977777777778,-67.1402777777778,0.57,0.2,False,2024
2024-10-11,6746-2123,-36.3977777777778,-67.1402777777778,0.59,1.1,False,2024
2024-10-12,6746-2123,-36.3977777777778,-67.1402777777778,0.6,0.0,False,2024
2024-10-13,6746-2123,-36.3977777777778,-67.1402777777778,0.62,0.7,False,2024
2024-10-14,6746-2123,-36.3977777777778,-67.1402777777778,0.65,0.2,False,2024
2024-10-15,6746-2123,-36.3977777777778,-67.1402777777778,0.74,0.0,False,2024
2024-10-16,6746-2123,-36.3977777777778,-67.1402777777778,0.86,0.0,False,2024
2024-10-17,6746-2123,-36.3977777777778,-67.1402777777778,0.9,0.0,False,2024
2024-10-18,6746-2123,-36.3977777777778,-67.1402777777778,0.89,0.0,False,2024
2024-10-19,6746-2123,-36.3977777777778,-67.1402777777778,0.91,0.0,False,2024
2024-10-20,6746-2123,-36.3977777777778,-67.1402777777778,0.9,0.5,False,2024
2024-10-21,6746-2123,-36.3977777777778,-67.1402777777778,0.84,0.0,False,2024
2024-10-22,6746-2123,-36.3977777777778,-67.1402777777778,0.78,0.4,False,2024
2024-10-23,6746-2123,-36.3977777777778,-67.1402777777778,0.8,20.2,False,2024
2024-10-24,6746-2123,-36.3977777777778,-67.1402777777778,0.85,0.1,False,2024
2024-10-25,6746-2123,-36.3977777777778,-67.1402777777778,0.78,0.8,False,2024
2024-10-26,6746-2123,-36.3977777777778,-67.1402777777778,0.71,0.0,False,2024
2024-10-27,6746-2123,-36.3977777777778,-67.1402777777778,0.7,0.0,False,2024
2024-10-28,6746-2123,-36.3977777777778,-67.1402777777778,0.71,0.0,False,2024
2024-10-29,6746-2123,-36.3977777777778,-67.1402777777778,0.77,0.0,False,2024
2024-10-30,6746-2123,-36.3977777777778,-67.1402777777778,0.82,0.5,False,2024
2024-10-31,6746-2123,-36.3977777777778,-67.1402777777778,0.85,0.0,False,2024
2024-11-01,6746-2123,-36.3977777777778,-67.1402777777778,0.84,5.4,False,2024
2024-11-02,6746-2123,-36.3977777777778,-67.1402777777778,0.79,0.0,False,2024
2024-11-03,6746-2123,-36.3977777777778,-67.1402777777778,0.73,0.1,False,2024
2024-11-04,6746-2123,-36.3977777777778,-67.1402777777778,0.7,0.0,False,2024
2024-11-05,6746-2123,-36.3977777777778,-67.1402777777778,0.67,0.0,False,2024
2024-11-06,6746-2123,-36.3977777777778,-67.1402777777778,0.67,0.0,False,2024
2024-11-07,6746-2123,-36.3977777777778,-67.1402777777778,0.66,0.0,False,2024
2024-11-08,6746-2123,-36.3977777777778,-67.1402777777778,0.66,0.0,False,2024
2024-11-09,6746-2123,-36.3977777777778,-67.1402777777778,0.66,1.2,False,2024
2024-11-10,6746-2123,-36.3977777777778,-67.1402777777778,0.67,0.8,False,2024
2024-11-11,6746-2123,-36.3977777777778,-67.1402777777778,0.67,0.0,False,2024
2024-11-12,6746-2123,-36.3977777777778,-67.1402777777778,0.64,0.0,False,2024
2024-11-13,6746-2123,-36.3977777777778,-67.1402777777778,0.6,0.0,False,2024
2024-11-14,6746-2123,-36.3977777777778,-67.1402777777778,0.58,0.0,False,2024
2024-11-15,6746-2123,-36.3977777777778,-67.1402777777778,0.57,0.0,False,2024
2024-11-16,6746-2123,-36.3977777777778,-67.1402777777778,0.55,0.0,False,2024
2024-11-17,6746-2123,-36.3977777777778,-67.1402777777778,0.52,0.2,False,2024
2024-11-18,6746-2123,-36.3977777777778,-67.1402777777778,0.5,0.0,False,2024
2024-11-19,6746-2123,-36.3977777777778,-67.1402777777778,0.47,0.4,False,2024
2024-11-20,6746-2123,-36.3977777777778,-67.1402777777778,0.45,5.4,False,2024
2024-11-21,6746-2123,-36.3977777777778,-67.1402777777778,0.46,0.0,False,2024
2024-11-22,6746-2123,-36.3977777777778,-67.1402777777778,0.56,9.7,False,2024
2024-11-23,6746-2123,-36.3977777777778,-67.1402777777778,0.62,2.1,False,2024
2024-11-24,6746-2123,-36.3977777777778,-67.1402777777778,0.57,0.0,False,2024
2024-11-25,6746-2123,-36.3977777777778,-67.1402777777778,0.53,0.0,False,2024
2024-11-26,6746-2123,-36.3977777777778,-67.1402777777778,0.48,0.0,False,2024
2024-11-27,6746-2123,-36.3977777777778,-67.1402777777778,0.46,0.0,False,2024
2024-11-28,6746-2123,-36.3977777777778,-67.1402777777778,0.44,0.0,False,2024
2024-11-29,6746-2123,-36.3977777777778,-67.1402777777778,0.41,0.0,False,2024
2024-11-30,6746-2123,-36.3977777777778,-67.1402777777778,0.38,6.1,False,2024
2024-12-01,6746-2123,-36.3977777777778,-67.1402777777778,0.36,8.0,False,2024
2024-12-02,6746-2123,-36.3977777777778,-67.1402777777778,0.32,0.0,False,2024
2024-12-03,6746-2123,-36.3977777777778,-67.1402777777778,0.31,0.0,False,2024
2024-12-04,6746-2123,-36.3977777777778,-67.1402777777778,0.29,0.0,False,2024
2024-12-05,6746-2123,-36.3977777777778,-67.1402777777778,0.27,0.0,False,2024
2024-12-06,6746-2123,-36.3977777777778,-67.1402777777778,0.24,0.7,False,2024
2024-12-07,6746-2123,-36.3977777777778,-67.1402777777778,0.22,0.0,False,2024
2024-12-08,6746-2123,-36.3977777777778,-67.1402777777778,0.19,0.2,False,2024
2024-12-09,6746-2123,-36.3977777777778,-67.1402777777778,0.21,0.1,False,2024
2024-12-10,6746-2123,-36.3977777777778,-67.1402777777778,0.31,0.0,False,2024
2024-12-11,6746-2123,-36.3977777777778,-67.1402777777778,0.28,0.0,False,2024
2024-12-12,6746-2123,-36.3977777777778,-67.1402777777778,0.25,0.1,False,2024
2024-12-13,6746-2123,-36.3977777777778,-67.1402777777778,0.21,0.0,False,2024
2024-12-14,6746-2123,-36.3977777777778,-67.1402777777778,0.18,0.0,False,2024
2024-12-15,6746-2123,-36.3977777777778,-67.1402777777778,0.14,0.0,False,2024
2024-12-16,6746-2123,-36.3977777777778,-67.1402777777778,0.12,0.0,False,2024
2024-12-17,6746-2123,-36.3977777777778,-67.1402777777778,0.09,13.4,False,2024
2024-12-18,6746-2123,-36.3977777777778,-67.1402777777778,0.06,0.0,False,2024
2024-12-19,6746-2123,-36.3977777777778,-67.1402777777778,0.02,0.0,False,2024
2024-12-20,6746-2123,-36.3977777777778,-67.1402777777778,-0.01,0.0,False,2024
2024-12-21,6746-2123,-36.3977777777778,-67.1402777777778,-0.05,0.0,False,2024
2024-12-22,6746-2123,-36.3977777777778,-67.1402777777778,-0.08,0.0,False,2024
2024-12-23,6746-2123,-36.3977777777778,-67.1402777777778,-0.07,0.8,False,2024
2024-12-24,6746-2123,-36.3977777777778,-67.1402777777778,-0.07,0.0,False,2024
2024-12-25,6746-2123,-36.3977777777778,-67.1402777777778,-0.07,0.0,False,2024
2024-12-26,6746-2123,-36.3977777777778,-67.1402777777778,-0.07,0.0,False,2024
2024-12-27,6746-2123,-36.3977777777778,-67.1402777777778,-0.07,0.0,False,2024
2024-12-28,6746-2123,-36.3977777777778,-67.1402777777778,-0.07,0.0,False,2024
2024-12-29,6746-2123,-36.3977777777778,-67.1402777777778,-0.07,11.9,False,2024
2024-12-30,6746-2123,-36.3977777777778,-67.1402777777778,-0.07,2.5,False,2024
2024-12-31,6746-2123,-36.3977777777778,-67.1402777777778,0.32,0.0,False,2024
2025-01-01,6746-2123,-36.3977777777778,-67.1402777777778,0.56,0.0,False,2025
2025-01-02,6746-2123,-36.3977777777778,-67.1402777777778,0.62,0.0,False,2025
2025-01-03,6746-2123,-36.3977777777778,-67.1402777777778,0.67,0.0,False,2025
2025-01-04,6746-2123,-36.3977777777778,-67.1402777777778,0.71,6.2,False,2025
2025-01-05,6746-2123,-36.3977777777778,-67.1402777777778,0.76,0.0,False,2025
2025-01-06,6746-2123,-36.3977777777778,-67.1402777777778,0.67,0.8,False,2025
2025-01-07,6746-2123,-36.3977777777778,-67.1402777777778,0.57,0.0,False,2025
2025-01-08,6746-2123,-36.3977777777778,-67.1402777777778,0.5,0.0,False,2025
2025-01-09,6746-2123,-36.3977777777778,-67.1402777777778,0.47,4.2,False,2025
2025-01-10,6746-2123,-36.3977777777778,-67.1402777777778,0.43,2.7,False,2025
2025-01-11,6746-2123,-36.3977777777778,-67.1402777777778,0.41,4.2,False,2025
2025-01-12,6746-2123,-36.3977777777778,-67.1402777777778,0.42,0.0,False,2025
2025-01-13,6746-2123,-36.3977777777778,-67.1402777777778,0.5,0.0,False,2025
2025-01-14,6746-2123,-36.3977777777778,-67.1402777777778,0.55,0.0,False,2025
2025-01-15,6746-2123,-36.3977777777778,-67.1402777777778,0.57,0.0,False,2025
2025-01-16,6746-2123,-36.3977777777778,-67.1402777777778,0.55,0.0,False,2025
2025-01-17,6746-2123,-36.3977777777778,-67.1402777777778,0.53,14.8,False,2025
2025-01-18,6746-2123,-36.3977777777778,-67.1402777777778,0.57,3.5,False,2025
2025-01-19,6746-2123,-36.3977777777778,-67.1402777777778,0.62,0.0,False,2025
2025-01-20,6746-2123,-36.3977777777778,-67.1402777777778,0.56,0.0,False,2025
2025-01-21,6746-2123,-36.3977777777778,-67.1402777777778,0.52,0.0,False,2025
2025-01-22,6746-2123,-36.3977777777778,-67.1402777777778,0.48,0.0,False,2025
2025-01-23,6746-2123,-36.3977777777778,-67.1402777777778,0.44,0.0,False,2025
2025-01-24,6746-2123,-36.3977777777778,-67.1402777777778,0.45,0.0,False,2025
2025-01-25,6746-2123,-36.3977777777778,-67.1402777777778,0.5,0.0,False,2025
2025-01-26,6746-2123,-36.3977777777778,-67.1402777777778,0.49,0.1,False,2025
2025-01-27,6746-2123,-36.3977777777778,-67.1402777777778,0.46,0.0,False,2025
2025-01-28,6746-2123,-36.3977777777778,-67.1402777777778,0.42,0.7,False,2025
2025-01-29,6746-2123,-36.3977777777778,-67.1402777777778,0.38,0.0,False,2025
2025-01-30,6746-2123,-36.3977777777778,-67.1402777777778,0.31,0.0,False,2025
2025-01-31,6746-2123,-36.3977777777778,-67.1402777777778,0.24,0.0,False,2025
2025-02-01,6746-2123,-36.3977777777778,-67.1402777777778,0.19,0.0,False,2025
2025-02-02,6746-2123,-36.3977777777778,-67.1402777777778,0.15,0.0,False,2025
2025-02-03,6746-2123,-36.3977777777778,-67.1402777777778,0.1,0.0,False,2025
2025-02-04,6746-2123,-36.3977777777778,-67.1402777777778,0.05,0.0,False,2025
2025-02-05,6746-2123,-36.3977777777778,-67.1402777777778,-0.02,4.9,False,2025
2025-02-06,6746-2123,-36.3977777777778,-67.1402777777778,-0.05,0.0,False,2025
2025-02-07,6746-2123,-36.3977777777778,-67.1402777777778,-0.09,0.0,False,2025
2025-02-08,6746-2123,-36.3977777777778,-67.1402777777778,-0.11,0.0,False,2025
2025-02-09,6746-2123,-36.3977777777778,-67.1402777777778,-0.13,0.0,False,2025
2025-02-10,6746-2123,-36.3977777777778,-67.1402777777778,-0.13,0.0,False,2025
2025-02-11,6746-2123,-36.3977777777778,-67.1402777777778,-0.12,0.0,False,2025
2025-02-12,6746-2123,-36.3977777777778,-67.1402777777778,-0.12,0.0,False,2025
2025-02-13,6746-2123,-36.3977777777778,-67.1402777777778,-0.12,0.0,False,2025
2025-02-14,6746-2123,-36.3977777777778,-67.1402777777778,-0.13,0.0,False,2025
2025-02-15,6746-2123,-36.3977777777778,-67.1402777777778,-0.12,0.0,False,2025
2025-02-16,6746-2123,-36.3977777777778,-67.1402777777778,-0.13,0.0,False,2025
2025-02-17,6746-2123,-36.3977777777778,-67.1402777777778,-0.12,0.0,False,2025
2025-02-18,6746-2123,-36.3977777777778,-67.1402777777778,-0.12,0.0,False,2025
2025-02-19,6746-2123,-36.3977777777778,-67.1402777777778,-0.12,0.0,False,2025
2025-02-20,6746-2123,-36.3977777777778,-67.1402777777778,-0.13,0.0,False,2025
2025-02-21,6746-2123,-36.3977777777778,-67.1402777777778,-0.13,0.3,False,2025
2025-02-22,6746-2123,-36.3977777777778,-67.1402777777778,-0.12,0.1,False,2025
2025-02-23,6746-2123,-36.3977777777778,-67.1402777777778,-0.12,1.2,False,2025
2025-02-24,6746-2123,-36.3977777777778,-67.1402777777778,-0.12,0.0,False,2025
2025-02-25,6746-2123,-36.3977777777778,-67.1402777777778,-0.12,0.0,False,2025
2025-02-26,6746-2123,-36.3977777777778,-67.1402777777778,-0.12,3.2,False,2025
2025-02-27,6746-2123,-36.3977777777778,-67.1402777777778,-0.12,0.8,False,2025
2025-02-28,6746-2123,-36.3977777777778,-67.1402777777778,-0.12,1.8,False,2025
2025-03-01,6746-2123,-36.3977777777778,-67.1402777777778,-0.12,0.0,False,2025
2025-03-02,6746-2123,-36.3977777777778,-67.1402777777778,-0.12,10.5,False,2025
2025-03-03,6746-2123,-36.3977777777778,-67.1402777777778,-0.12,3.8,False,2025
2025-03-04,6746-2123,-36.3977777777778,-67.1402777777778,-0.12,0.2,False,2025
2025-03-05,6746-2123,-36.3977777777778,-67.1402777777778,-0.12,11.2,False,2025
2025-03-06,6746-2123,-36.3977777777778,-67.1402777777778,-0.12,0.3,False,2025
2025-03-07,6746-2123,-36.3977777777778,-67.1402777777778,-0.12,1.9,False,2025
2025-03-08,6746-2123,-36.3977777777778,-67.1402777777778,-0.12,0.0,False,2025
2025-03-09,6746-2123,-36.3977777777778,-67.1402777777778,-0.12,0.0,False,2025
2025-03-10,6746-2123,-36.3977777777778,-67.1402777777778,-0.12,0.0,False,2025
2025-03-11,6746-2123,-36.3977777777778,-67.1402777777778,-0.12,0.2,False,2025
2025-03-12,6746-2123,-36.3977777777778,-67.1402777777778,-0.12,0.0,False,2025
2025-03-13,6746-2123,-36.3977777777778,-67.1402777777778,-0.12,0.0,False,2025
2025-03-14,6746-2123,-36.3977777777778,-67.1402777777778,-0.13,0.0,False,2025
2025-03-15,6746-2123,-36.3977777777778,-67.1402777777778,0.2,0.7,False,2025
2025-03-16,6746-2123,-36.3977777777778,-67.1402777777778,0.38,1.1,False,2025
2025-03-17,6746-2123,-36.3977777777778,-67.1402777777778,0.34,0.0,False,2025
2025-03-18,6746-2123,-36.3977777777778,-67.1402777777778,0.27,0.0,False,2025
2025-03-19,6746-2123,-36.3977777777778,-67.1402777777778,0.24,0.0,False,2025
2025-03-20,6746-2123,-36.3977777777778,-67.1402777777778,0.25,0.7,False,2025
2025-03-21,6746-2123,-36.3977777777778,-67.1402777777778,0.26,0.0,False,2025
2025-03-22,6746-2123,-36.3977777777778,-67.1402777777778,0.23,12.2,False,2025
2025-03-23,6746-2123,-36.3977777777778,-67.1402777777778,0.21,40.0,False,2025
2025-03-24,6746-2123,-36.3977777777778,-67.1402777777778,0.3,16.7,False,2025
2025-03-25,6746-2123,-36.3977777777778,-67.1402777777778,0.37,7.6,False,2025
2025-03-26,6746-2123,-36.3977777777778,-67.1402777777778,0.38,31.2,False,2025
2025-03-27,6746-2123,-36.3977777777778,-67.1402777777778,0.4,22.3,False,2025
2025-03-28,6746-2123,-36.3977777777778,-67.1402777777778,0.43,0.0,False,2025
2025-03-29,6746-2123,-36.3977777777778,-67.1402777777778,0.47,0.0,False,2025
2025-03-30,6746-2123,-36.3977777777778,-67.1402777777778,0.55,0.0,False,2025
2025-03-31,6746-2123,-36.3977777777778,-67.1402777777778,0.59,0.0,False,2025
2025-04-01,6746-2123,-36.3977777777778,-67.1402777777778,0.6,0.0,False,2025
2025-04-02,6746-2123,-36.3977777777778,-67.1402777777778,0.65,0.2,False,2025
2025-04-03,6746-2123,-36.3977777777778,-67.1402777777778,0.66,0.0,False,2025
2025-04-04,6746-2123,-36.3977777777778,-67.1402777777778,0.67,0.0,False,2025
2025-04-05,6746-2123,-36.3977777777778,-67.1402777777778,0.7,0.0,False,2025
2025-04-06,6746-2123,-36.3977777777778,-67.1402777777778,0.71,0.0,False,2025
2025-04-07,6746-2123,-36.3977777777778,-67.1402777777778,0.71,0.0,False,2025
2025-04-08,6746-2123,-36.3977777777778,-67.1402777777778,0.71,0.0,False,2025
2025-04-09,6746-2123,-36.3977777777778,-67.1402777777778,0.7,0.1,False,2025
2025-04-10,6746-2123,-36.3977777777778,-67.1402777777778,0.7,0.3,False,2025
2025-04-11,6746-2123,-36.3977777777778,-67.1402777777778,0.7,9.6,False,2025
2025-04-12,6746-2123,-36.3977777777778,-67.1402777777778,0.74,0.0,False,2025
2025-04-13,6746-2123,-36.3977777777778,-67.1402777777778,0.75,0.0,False,2025
2025-04-14,6746-2123,-36.3977777777778,-67.1402777777778,0.76,10.0,False,2025
2025-04-15,6746-2123,-36.3977777777778,-67.1402777777778,0.78,0.0,False,2025
2025-04-16,6746-2123,-36.3977777777778,-67.1402777777778,0.75,0.0,False,2025
2025-04-17,6746-2123,-36.3977777777778,-67.1402777777778,0.72,0.0,False,2025
2025-04-18,6746-2123,-36.3977777777778,-67.1402777777778,0.75,0.0,False,2025
2025-04-19,6746-2123,-36.3977777777778,-67.1402777777778,0.78,0.0,False,2025
2025-04-20,6746-2123,-36.3977777777778,-67.1402777777778,0.77,0.0,False,2025
2025-04-21,6746-2123,-36.3977777777778,-67.1402777777778,0.77,0.4,False,2025
2025-04-22,6746-2123,-36.3977777777778,-67.1402777777778,0.79,0.7,False,2025
2025-04-23,6746-2123,-36.3977777777778,-67.1402777777778,0.8,0.0,False,2025
2025-04-24,6746-2123,-36.3977777777778,-67.1402777777778,0.8,0.0,False,2025
2025-04-25,6746-2123,-36.3977777777778,-67.1402777777778,0.78,0.0,False,2025
2025-04-26,6746-2123,-36.3977777777778,-67.1402777777778,0.74,0.0,False,2025
2025-04-27,6746-2123,-36.3977777777778,-67.1402777777778,0.74,0.0,False,2025
2025-04-28,6746-2123,-36.3977777777778,-67.1402777777778,0.74,0.0,False,2025
2025-04-29,6746-2123,-36.3977777777778,-67.1402777777778,0.75,0.0,False,2025
2025-04-30,6746-2123,-36.3977777777778,-67.1402777777778,0.74,0.0,False,2025
2025-05-01,6746-2123,-36.3977777777778,-67.1402777777778,0.74,0.0,False,2025
2025-05-02,6746-2123,-36.3977777777778,-67.1402777777778,0.73,0.0,False,2025
2025-05-03,6746-2123,-36.3977777777778,-67.1402777777778,0.72,0.0,False,2025
2025-05-04,6746-2123,-36.3977777777778,-67.1402777777778,0.71,0.0,False,2025
2025-05-05,6746-2123,-36.3977777777778,-67.1402777777778,0.68,0.0,False,2025
2025-05-06,6746-2123,-36.3977777777778,-67.1402777777778,0.68,0.0,False,2025
2025-05-07,6746-2123,-36.3977777777778,-67.1402777777778,0.7,8.3,False,2025
2025-05-08,6746-2123,-36.3977777777778,-67.1402777777778,0.75,0.0,False,2025
2025-05-09,6746-2123,-36.3977777777778,-67.1402777777778,0.78,0.0,False,2025
2025-05-10,6746-2123,-36.3977777777778,-67.1402777777778,0.78,0.0,False,2025
2025-05-11,6746-2123,-36.3977777777778,-67.1402777777778,0.77,0.0,False,2025
2025-05-12,6746-2123,-36.3977777777778,-67.1402777777778,0.77,0.0,False,2025
2025-05-13,6746-2123,-36.3977777777778,-67.1402777777778,0.75,0.0,False,2025
2025-05-14,6746-2123,-36.3977777777778,-67.1402777777778,0.73,0.0,False,2025
2025-05-15,6746-2123,-36.3977777777778,-67.1402777777778,0.72,0.0,False,2025
2025-05-16,6746-2123,-36.3977777777778,-67.1402777777778,0.72,0.0,False,2025
2025-05-17,6746-2123,-36.3977777777778,-67.1402777777778,0.75,0.0,False,2025
2025-05-18,6746-2123,-36.3977777777778,-67.1402777777778,0.74,0.0,False,2025
2025-05-19,6746-2123,-36.3977777777778,-67.1402777777778,0.73,0.0,False,2025
2025-05-20,6746-2123,-36.3977777777778,-67.1402777777778,0.71,0.0,False,2025
2025-05-21,6746-2123,-36.3977777777778,-67.1402777777778,0.7,1.7,False,2025
2025-05-22,6746-2123,-36.3977777777778,-67.1402777777778,0.71,0.0,False,2025
2025-05-23,6746-2123,-36.3977777777778,-67.1402777777778,0.74,0.0,False,2025
2025-05-24,6746-2123,-36.3977777777778,-67.1402777777778,0.76,0.0,False,2025
2025-05-25,6746-2123,-36.3977777777778,-67.1402777777778,0.75,0.0,False,2025
2025-05-26,6746-2123,-36.3977777777778,-67.1402777777778,0.75,1.0,False,2025
2025-05-27,6746-2123,-36.3977777777778,-67.1402777777778,0.76,0.0,False,2025
2025-05-28,6746-2123,-36.3977777777778,-67.1402777777778,0.77,0.0,False,2025
2025-05-29,6746-2123,-36.3977777777778,-67.1402777777778,0.78,0.0,False,2025
2025-05-30,6746-2123,-36.3977777777778,-67.1402777777778,0.79,0.0,False,2025
2025-05-31,6746-2123,-36.3977777777778,-67.1402777777778,0.78,0.0,False,2025
2025-06-01,6746-2123,-36.3977777777778,-67.1402777777778,0.73,0.0,False,2025
2025-06-02,6746-2123,-36.3977777777778,-67.1402777777778,0.72,0.0,False,2025
2025-06-03,6746-2123,-36.3977777777778,-67.1402777777778,0.74,0.0,False,2025
2025-06-04,6746-2123,-36.3977777777778,-67.1402777777778,0.77,0.0,False,2025
2025-06-05,6746-2123,-36.3977777777778,-67.1402777777778,0.78,0.0,False,2025
2025-06-06,6746-2123,-36.3977777777778,-67.1402777777778,0.79,0.0,False,2025
2025-06-07,6746-2123,-36.3977777777778,-67.1402777777778,0.8,0.0,False,2025
2025-06-08,6746-2123,-36.3977777777778,-67.1402777777778,0.8,0.0,False,2025
2025-06-09,6746-2123,-36.3977777777778,-67.1402777777778,0.8,0.0,False,2025
2025-06-10,6746-2123,-36.3977777777778,-67.1402777777778,0.81,0.0,False,2025
2025-06-11,6746-2123,-36.3977777777778,-67.1402777777778,0.82,0.0,False,2025
2025-06-12,6746-2123,-36.3977777777778,-67.1402777777778,0.85,0.0,False,2025
2025-06-13,6746-2123,-36.3977777777778,-67.1402777777778,0.89,0.0,False,2025
2025-06-14,6746-2123,-36.3977777777778,-67.1402777777778,0.92,0.0,False,2025
2025-06-15,6746-2123,-36.3977777777778,-67.1402777777778,0.92,0.0,False,2025
2025-06-16,6746-2123,-36.3977777777778,-67.1402777777778,0.91,0.0,False,2025
2025-06-17,6746-2123,-36.3977777777778,-67.1402777777778,0.89,0.0,False,2025
2025-06-18,6746-2123,-36.3977777777778,-67.1402777777778,0.87,0.0,False,2025
2025-06-19,6746-2123,-36.3977777777778,-67.1402777777778,0.86,0.0,False,2025
2025-06-20,6746-2123,-36.3977777777778,-67.1402777777778,0.85,0.0,False,2025
2025-06-21,6746-2123,-36.3977777777778,-67.1402777777778,0.85,0.3,False,2025
2025-06-22,6746-2123,-36.3977777777778,-67.1402777777778,0.86,0.1,False,2025
2025-06-23,6746-2123,-36.3977777777778,-67.1402777777778,0.83,0.1,False,2025
2025-06-24,6746-2123,-36.3977777777778,-67.1402777777778,0.84,0.0,False,2025
2025-06-25,6746-2123,-36.3977777777778,-67.1402777777778,0.84,0.0,False,2025
2025-06-26,6746-2123,-36.3977777777778,-67.1402777777778,0.83,0.0,False,2025
2025-06-27,6746-2123,-36.3977777777778,-67.1402777777778,0.83,0.0,False,2025
2025-06-28,6746-2123,-36.3977777777778,-67.1402777777778,0.83,0.9,False,2025
2025-06-29,6746-2123,-36.3977777777778,-67.1402777777778,0.82,0.0,False,2025
2025-06-30,6746-2123,-36.3977777777778,-67.1402777777778,0.82,0.0,False,2025
2025-07-01,6746-2123,-36.3977777777778,-67.1402777777778,0.82,0.0,False,2025
2025-07-02,6746-2123,-36.3977777777778,-67.1402777777778,0.83,0.0,False,2025
2025-07-03,6746-2123,-36.3977777777778,-67.1402777777778,0.84,0.0,False,2025
2025-07-04,6746-2123,-36.3977777777778,-67.1402777777778,0.85,0.0,False,2025
2025-07-05,6746-2123,-36.3977777777778,-67.1402777777778,0.84,0.0,False,2025
2025-07-06,6746-2123,-36.3977777777778,-67.1402777777778,0.85,0.0,False,2025
2025-07-07,6746-2123,-36.3977777777778,-67.1402777777778,0.85,0.0,False,2025
2025-07-08,6746-2123,-36.3977777777778,-67.1402777777778,0.86,0.0,False,2025
2025-07-09,6746-2123,-36.3977777777778,-67.1402777777778,0.86,0.1,False,2025
2025-07-10,6746-2123,-36.3977777777778,-67.1402777777778,0.86,0.0,False,2025
2025-07-11,6746-2123,-36.3977777777778,-67.1402777777778,0.86,0.0,False,2025
2025-07-12,6746-2123,-36.3977777777778,-67.1402777777778,0.86,0.0,False,2025
2025-07-13,6746-2123,-36.3977777777778,-67.1402777777778,0.86,0.0,False,2025
2025-07-14,6746-2123,-36.3977777777778,-67.1402777777778,0.86,0.0,False,2025
2025-07-15,6746-2123,-36.3977777777778,-67.1402777777778,0.86,0.6,False,2025
2025-07-16,6746-2123,-36.3977777777778,-67.1402777777778,0.85,0.0,False,2025
2025-07-17,6746-2123,-36.3977777777778,-67.1402777777778,0.85,0.0,False,2025
2025-07-18,6746-2123,-36.3977777777778,-67.1402777777778,0.86,0.0,False,2025
2025-07-19,6746-2123,-36.3977777777778,-67.1402777777778,0.85,0.0,False,2025
2025-07-20,6746-2123,-36.3977777777778,-67.1402777777778,0.85,0.0,False,2025
2025-07-21,6746-2123,-36.3977777777778,-67.1402777777778,0.85,0.0,False,2025
2025-07-22,6746-2123,-36.3977777777778,-67.1402777777778,0.83,0.0,False,2025
2025-07-23,6746-2123,-36.3977777777778,-67.1402777777778,0.8,0.0,False,2025
2025-07-24,6746-2123,-36.3977777777778,-67.1402777777778,0.77,0.0,False,2025
2025-07-25,6746-2123,-36.3977777777778,-67.1402777777778,0.75,0.0,False,2025
2025-07-26,6746-2123,-36.3977777777778,-67.1402777777778,0.72,1.5,False,2025
2025-07-27,6746-2123,-36.3977777777778,-67.1402777777778,0.71,1.5,False,2025
2025-07-28,6746-2123,-36.3977777777778,-67.1402777777778,0.71,0.7,False,2025
2025-07-29,6746-2123,-36.3977777777778,-67.1402777777778,0.71,0.0,False,2025
2025-07-30,6746-2123,-36.3977777777778,-67.1402777777778,0.7,0.0,False,2025
2025-07-31,6746-2123,-36.3977777777778,-67.1402777777778,0.7,0.0,False,2025
2025-08-01,6746-2123,-36.3977777777778,-67.1402777777778,0.73,7.9,False,2025
2025-08-02,6746-2123,-36.3977777777778,-67.1402777777778,0.78,4.2,False,2025
2025-08-03,6746-2123,-36.3977777777778,-67.1402777777778,0.82,17.0,False,2025
2025-08-04,6746-2123,-36.3977777777778,-67.1402777777778,0.84,0.0,False,2025
2025-08-05,6746-2123,-36.3977777777778,-67.1402777777778,0.85,0.0,False,2025
2025-08-06,6746-2123,-36.3977777777778,-67.1402777777778,0.86,0.9,False,2025
2025-08-07,6746-2123,-36.3977777777778,-67.1402777777778,0.86,0.0,False,2025
2025-08-08,6746-2123,-36.3977777777778,-67.1402777777778,0.87,0.0,False,2025
2025-08-09,6746-2123,-36.3977777777778,-67.1402777777778,0.88,0.0,False,2025
2025-08-10,6746-2123,-36.3977777777778,-67.1402777777778,0.89,0.0,False,2025
2025-08-11,6746-2123,-36.3977777777778,-67.1402777777778,0.88,0.0,False,2025
2025-08-12,6746-2123,-36.3977777777778,-67.1402777777778,0.89,1.1,False,2025
2025-08-13,6746-2123,-36.3977777777778,-67.1402777777778,0.87,0.0,False,2025
2025-08-14,6746-2123,-36.3977777777778,-67.1402777777778,0.86,0.0,False,2025
2025-08-15,6746-2123,-36.3977777777778,-67.1402777777778,0.86,0.1,False,2025
2025-08-16,6746-2123,-36.3977777777778,-67.1402777777778,0.86,2.3,False,2025
2025-08-17,6746-2123,-36.3977777777778,-67.1402777777778,0.86,0.0,False,2025
2025-08-18,6746-2123,-36.3977777777778,-67.1402777777778,0.86,3.0,False,2025
2025-08-19,6746-2123,-36.3977777777778,-67.1402777777778,0.86,0.0,False,2025
2025-08-20,6746-2123,-36.3977777777778,-67.1402777777778,0.86,0.0,False,2025
2025-08-21,6746-2123,-36.3977777777778,-67.1402777777778,0.86,0.3,False,2025
2025-08-22,6746-2123,-36.3977777777778,-67.1402777777778,0.89,0.2,False,2025
2025-08-23,6746-2123,-36.3977777777778,-67.1402777777778,0.87,0.0,False,2025
2025-08-24,6746-2123,-36.3977777777778,-67.1402777777778,0.84,0.0,False,2025
2025-08-25,6746-2123,-36.3977777777778,-67.1402777777778,0.8,0.0,False,2025
2025-08-26,6746-2123,-36.3977777777778,-67.1402777777778,0.75,0.0,False,2025
2025-08-27,6746-2123,-36.3977777777778,-67.1402777777778,0.72,0.0,False,2025
2025-08-28,6746-2123,-36.3977777777778,-67.1402777777778,0.69,0.0,False,2025
2025-08-29,6746-2123,-36.3977777777778,-67.1402777777778,0.68,0.0,False,2025
2025-08-30,6746-2123,-36.3977777777778,-67.1402777777778,0.72,52.8,False,2025
2025-08-31,6746-2123,-36.3977777777778,-67.1402777777778,0.96,1.4,False,2025
2025-09-01,6746-2123,-36.3977777777778,-67.1402777777778,1.03,0.4,False,2025
2025-09-02,6746-2123,-36.3977777777778,-67.1402777777778,0.98,1.8,False,2025
2025-09-03,6746-2123,-36.3977777777778,-67.1402777777778,0.93,0.0,False,2025
2025-09-04,6746-2123,-36.3977777777778,-67.1402777777778,0.97,0.0,False,2025
2025-09-05,6746-2123,-36.3977777777778,-67.1402777777778,1.03,0.0,False,2025
2025-09-06,6746-2123,-36.3977777777778,-67.1402777777778,1.07,0.0,False,2025
2025-09-07,6746-2123,-36.3977777777778,-67.1402777777778,1.14,0.0,False,2025
2025-09-08,6746-2123,-36.3977777777778,-67.1402777777778,1.14,0.2,False,2025
2025-09-09,6746-2123,-36.3977777777778,-67.1402777777778,1.09,0.0,False,2025
2025-09-10,6746-2123,-36.3977777777778,-67.1402777777778,1.1,0.0,False,2025
2025-09-11,6746-2123,-36.3977777777778,-67.1402777777778,1.08,0.0,False,2025
2025-09-12,6746-2123,-36.3977777777778,-67.1402777777778,1.06,0.0,False,2025
2025-09-13,6746-2123,-36.3977777777778,-67.1402777777778,1.03,0.0,False,2025
2025-09-14,6746-2123,-36.3977777777778,-67.1402777777778,0.98,0.1,False,2025
2025-09-15,6746-2123,-36.3977777777778,-67.1402777777778,0.95,0.0,False,2025
2025-09-16,6746-2123,-36.3977777777778,-67.1402777777778,0.92,0.0,False,2025
2025-09-17,6746-2123,-36.3977777777778,-67.1402777777778,0.9,0.0,False,2025
2025-09-18,6746-2123,-36.3977777777778,-67.1402777777778,0.9,2.7,False,2025
2025-09-19,6746-2123,-36.3977777777778,-67.1402777777778,0.9,0.5,False,2025
2025-09-20,6746-2123,-36.3977777777778,-67.1402777777778,0.88,8.7,False,2025
2025-09-21,6746-2123,-36.3977777777778,-67.1402777777778,0.91,1.6,False,2025
2025-09-22,6746-2123,-36.3977777777778,-67.1402777777778,0.92,0.0,False,2025
2025-09-23,6746-2123,-36.3977777777778,-67.1402777777778,0.88,0.5,False,2025
2025-09-24,6746-2123,-36.3977777777778,-67.1402777777778,0.84,0.0,False,2025
2025-09-25,6746-2123,-36.3977777777778,-67.1402777777778,0.81,0.0,False,2025
2025-09-26,6746-2123,-36.3977777777778,-67.1402777777778,0.77,4.9,False,2025
2025-09-27,6746-2123,-36.3977777777778,-67.1402777777778,0.77,0.0,False,2025
2025-09-28,6746-2123,-36.3977777777778,-67.1402777777778,0.77,0.0,False,2025
2025-09-29,6746-2123,-36.3977777777778,-67.1402777777778,0.76,0.0,False,2025
2025-09-30,6746-2123,-36.3977777777778,-67.1402777777778,0.75,0.0,False,2025
2025-10-01,6746-2123,-36.3977777777778,-67.1402777777778,0.75,0.0,False,2025
2025-10-02,6746-2123,-36.3977777777778,-67.1402777777778,0.78,0.0,False,2025
2025-10-03,6746-2123,-36.3977777777778,-67.1402777777778,0.81,0.0,False,2025
2025-10-04,6746-2123,-36.3977777777778,-67.1402777777778,0.83,0.4,False,2025
2025-10-05,6746-2123,-36.3977777777778,-67.1402777777778,0.81,4.7,False,2025
